"auto_id","coarse_stone_weight","coarse_fauna_weight","fine_stone_weight","fine_fauna_weight"
2140,-1,-1,6,2
2141,30,0,8,2
2142,47,0,6,1
2143,44,0,6,0
2144,32,0,16,2
2145,42,2,6,2
12194,10,0,2,0
2146,18,0,6,1
2147,44,0,12,2
2148,-1,-1,5,1
2149,45,0,14,6
11410,48,0,4,3
11722,5,0,1,1
2150,38,0,12,2
2151,36,0,12,2
11462,29,1,8,4
2152,20,0,8,1
2153,30,1,4,2
11337,32,0,13,3
2154,24,2,4,2
2155,42,1,16,4
2156,21,1,6,2
2157,38,0,5,2
2158,26,0,3,1
2159,38,2,10,2
2160,14,0,3,1
2161,46,1,4,1
2162,46,0,6,1
11590,44,0,7,2
2163,54,1,6,1
2164,7,1,3,0
2165,18,2,2,1
2166,72,0,11,1
2167,32,0,10,1
2168,29,2,6,2
2169,33,1,3,1
2170,78,0,6,0
2171,22,2,7,1
2172,56,0,15,3
2173,34,2,9,2
2174,57,0,3,1
11439,18,2,4,1
2175,23,0,6,1
2034,54,0,4,2
2035,52,0,8,0
2036,46,0,6,0
2037,23,0,5,1
2038,38,18,6,3
11746,36,0,1,1
11661,4,1,2,1
2039,38,0,2,1
2040,66,0,10,1
2041,22,2,4,1
2042,34,0,16,2
2043,10,2,6,1
12185,9,0,2,1
2044,32,2,12,2
2045,-1,-1,2,2
11626,22,2,8,1
2046,2,0,8,2
2047,54,0,12,4
2048,44,0,7,1
2049,44,2,9,1
2050,66,0,-1,-1
11663,14,0,4,1
2051,54,2,38,1
11461,32,0,13,6
2052,112,4,14,4
2053,48,4,2,1
11391,18,0,4,2
11587,26,0,7,2
2054,40,0,1,1
2055,70,0,12,2
11610,40,2,5,1
2056,20,0,2,1
2057,77,0,8,0
2058,24,30,9,1
2059,43,0,6,1
2060,16,0,9,1
2061,44,0,4,1
2062,30,1,4,1
2063,54,0,1,1
11687,12,1,2,1
2064,32,6,2,1
2065,102,0,18,2
2066,50,2,8,2
11412,50,0,9,5
2067,18,0,8,2
2068,20,0,4,1
2069,19,0,1,1
2070,45,0,8,2
2071,34,2,4,2
2072,72,2,10,1
2073,14,0,2,2
2074,34,2,4,1
2075,66,2,11,1
2076,8,2,2,1
2077,10,0,8,2
2078,53,12,3,1
2079,41,0,2,2
2080,60,0,6,2
2081,70,0,11,5
2082,25,0,8,1
2083,36,0,11,1
2084,74,0,12,4
2085,94,0,16,6
2086,48,0,5,4
2087,49,0,4,2
2088,29,0,1,1
2089,50,1,10,2
2090,34,0,12,4
11905,4,10,1,0
2091,44,0,8,2
2092,35,0,6,1
2093,18,0,5,1
2094,34,0,6,1
2095,56,1,8,2
2096,66,0,10,2
2097,23,0,14,1
2098,59,0,4,0
2099,45,0,9,1
2100,32,2,8,1
2101,24,1,4,2
2102,53,0,6,0
2103,22,2,-1,-1
2104,94,1,8,2
11525,64,0,10,6
2105,18,1,5,1
2106,14,0,4,2
2107,44,0,6,1
2108,13,0,4,2
11745,13,0,1,1
2109,40,1,8,1
2110,50,0,3,1
2111,28,0,2,1
2112,15,0,1,0
2113,91,0,16,2
2114,10,0,2,1
2115,89,1,10,4
2116,54,1,6,0
2117,36,6,8,3
2118,66,0,4,1
2119,38,0,4,1
2120,48,0,16,4
2121,94,1,16,2
11675,-1,-1,1,1
2122,64,2,6,1
2123,54,0,12,1
2124,24,1,12,1
2125,32,0,7,4
11286,18,0,7,1
2127,52,0,8,0
11848,24,0,2,1
2128,16,0,6,2
2129,27,1,7,1
11676,6,8,5,1
2130,42,2,3,1
2131,42,1,7,1
2132,10,0,2,1
2133,34,0,4,0
2134,50,0,10,0
2135,52,0,6,0
2136,72,2,6,1
2137,20,0,2,2
11444,42,1,6,1
2138,44,0,14,2
11480,22,1,6,1
11882,22,0,5,1
11869,4,0,2,1
2139,52,2,16,2
2176,22,0,8,2
2177,34,2,6,1
2178,106,0,12,2
2179,12,0,5,1
2180,20,32,5,2
2181,46,0,9,1
2182,44,0,6,1
2183,42,0,10,1
2184,23,0,4,3
2185,16,4,6,2
2186,30,2,10,1
2187,56,0,8,2
2188,14,1,6,1
2189,40,0,14,4
2190,59,0,8,2
11427,28,0,6,1
2191,33,0,11,2
11411,40,0,9,3
2192,80,2,10,2
2193,68,0,8,2
2194,24,2,4,1
2195,68,0,6,2
2196,30,0,4,1
2197,18,1,4,2
2198,47,0,4,1
2199,64,2,16,2
11638,38,6,3,2
2200,28,0,7,2
11627,10,2,2,3
11615,34,0,7,2
2201,58,2,6,2
2202,14,0,1,1
2203,18,2,4,1
2204,60,0,15,2
2205,46,0,3,1
2206,48,2,6,0
2207,17,0,6,1
2208,42,6,9,1
2209,20,0,3,1
2210,32,0,5,1
2211,72,0,6,1
2212,48,0,6,2
2213,86,1,10,1
2214,21,0,7,1
2215,28,0,3,1
2216,16,6,2,2
2217,52,1,1,1
2218,-1,-1,4,1
2219,-1,-1,5,1
2220,38,2,14,0
2221,34,0,5,1
2222,32,0,2,1
2223,14,0,14,1
2224,27,10,5,1
11440,38,2,7,1
11603,28,1,7,3
2225,60,0,15,2
2226,17,1,3,1
11723,12,0,2,1
2227,34,0,6,2
2228,12,0,6,2
2229,32,0,3,1
11336,25,1,6,1
2230,18,1,6,1
11308,16,0,7,2
11528,60,2,5,1
11527,28,0,4,1
2231,47,1,2,2
2232,20,2,6,3
11903,38,0,1,1
2233,58,0,2,1
11390,36,0,3,3
11588,30,2,3,1
2234,28,1,4,1
11602,62,2,-1,-1
11644,32,2,3,1
11389,18,0,2,2
11904,14,0,1,1
12177,11,0,2,0
2235,56,0,16,1
11686,19,0,3,1
2236,30,1,3,1
2237,54,0,13,3
2238,10,0,16,1
2239,44,1,8,0
11637,36,2,2,0
11783,3,6,2,1
11365,46,0,10,2
11413,24,1,4,2
11849,5,0,4,1
2240,66,0,10,0
2241,32,1,4,1
2242,58,0,4,2
2243,82,0,8,0
2244,34,1,5,1
2245,22,0,3,1
2246,56,2,10,2
2247,38,2,5,2
2248,20,2,6,2
11744,62,0,2,0
2249,22,1,4,0
2250,28,1,6,2
11762,20,0,1,1
2251,48,0,8,2
2252,38,0,6,0
2253,16,1,4,1
2254,40,0,3,1
2255,36,3,2,1
2256,29,0,3,1
2257,8,0,4,6
2258,104,0,10,2
2259,40,2,8,0
2260,30,0,10,1
11616,26,0,5,0
2261,68,0,9,1
2262,24,1,3,1
2263,11,0,-1,-1
2264,22,4,7,1
2265,32,0,10,1
2266,58,1,4,2
2267,46,2,5,1
2268,22,14,2,1
2269,90,0,14,4
2270,58,0,10,0
2271,50,0,2,0
2272,42,1,-1,-1
11589,34,4,7,1
2273,38,0,1,1
2274,30,1,3,1
2275,56,2,12,2
2276,58,0,8,3
2277,20,3,2,1
2278,80,0,12,2
2279,56,1,12,1
2280,24,0,10,1
2281,14,2,4,1
2282,27,1,4,2
2283,20,1,10,3
11364,40,1,6,1
2284,18,0,4,1
2285,80,2,8,2
11662,11,1,3,1
11724,21,3,4,2
2286,84,2,6,2
2287,10,0,9,1
2288,41,1,6,0
11426,20,1,5,1
2289,30,0,2,1
2290,22,1,9,0
2291,72,0,14,2
2292,56,0,10,2
2293,29,1,6,1
2294,70,2,8,1
2295,38,2,4,2
2296,70,0,8,2
11307,72,2,9,2
2297,74,0,3,1
2298,39,1,6,2
2299,12,1,6,0
2300,218,1,15,2
2301,13,1,4,1
2302,66,0,4,0
2303,42,0,3,1
2304,38,0,10,2
2305,38,0,2,1
2306,22,0,4,1
2307,67,1,3,1
2308,84,0,20,8
2309,22,1,10,1
2310,44,0,4,2
2311,21,0,4,1
2312,9,0,10,4
11673,28,0,3,1
2313,-1,-1,6,1
2314,64,0,12,2
2315,11,0,8,1
2316,30,3,12,2
11782,8,0,1,1
11813,14,2,4,1
2317,62,0,10,2
2318,-1,-1,8,1
11500,18,0,6,1
2319,72,0,8,0
2320,16,0,1,1
2321,8,0,2,2
2322,27,3,2,2
2323,26,0,4,2
2324,8,0,11,2
2325,36,2,11,1
2326,60,4,4,2
2327,20,0,8,1
11703,47,0,1,1
2328,42,2,8,4
2329,52,0,10,0
2330,76,2,6,1
2331,54,8,1,2
2332,40,1,8,2
2333,76,0,8,6
2334,48,0,12,2
11285,40,2,12,4
2335,44,0,6,2
11441,22,0,5,4
2336,45,1,6,1
2337,11,2,8,2
11456,35,1,4,1
11702,7,0,1,1
2338,20,0,10,2
2339,88,0,9,2
2340,86,0,4,2
11636,16,0,3,1
2341,55,5,7,1
2342,32,0,10,1
2343,12,0,4,1
2344,46,0,12,2
2345,60,0,13,1
2346,41,2,4,2
2347,48,0,8,1
2348,32,0,4,0
2349,76,1,6,2
2350,30,0,6,1
11763,34,0,1,0
12013,18,0,2,0
11814,12,1,2,1
2351,46,0,10,2
2352,58,4,16,2
2353,74,2,6,0
2354,40,0,10,1
11428,31,1,6,1
11388,10,0,1,1
2355,8,1,2,0
2356,7,2,4,4
2357,84,0,8,2
2358,92,2,5,1
2359,72,0,30,8
2360,70,0,6,1
2361,15,0,3,1
2362,74,1,-1,-1
2363,62,0,2,0
2364,42,0,4,1
2365,34,0,4,2
2366,38,0,8,2
2367,52,0,5,1
2368,81,0,4,1
2369,52,0,4,0
2370,82,0,18,6
2371,15,1,10,3
2372,68,0,4,1
2373,20,0,7,1
11725,36,0,1,1
2374,54,4,4,1
2375,48,0,11,2
2376,30,0,6,2
2377,95,6,7,1
11464,56,0,7,1
2378,36,0,4,1
2379,80,0,10,1
2380,26,2,5,2
2381,62,1,8,1
2382,18,0,3,1
2383,22,0,10,12
2384,58,1,8,1
2385,16,0,2,0
2386,85,0,2,1
11617,40,0,6,1
2387,36,0,8,1
2388,22,0,4,2
2389,40,0,6,0
2390,16,0,6,1
2391,46,0,6,0
2392,26,1,4,1
2393,2,0,3,2
2394,32,0,9,2
11743,14,1,-1,-1
2395,40,0,12,1
12012,20,1,2,1
2396,42,2,8,2
2397,36,1,8,2
2398,70,0,-1,-1
2399,26,1,6,2
2400,60,2,20,4
2401,46,0,1,1
2402,70,0,10,1
2403,42,0,13,2
2404,16,0,4,1
2405,24,0,5,0
2406,43,1,5,1
11660,32,1,3,1
2407,18,2,3,4
11463,16,0,5,1
11429,16,1,6,1
2408,66,0,3,1
2409,56,0,8,2
2410,52,0,10,2
11526,44,0,-1,-1
2411,64,1,7,1
2412,11,0,10,0
11881,21,0,1,0
2413,40,0,6,2
2414,46,0,2,1
2415,18,0,8,0
2416,34,2,1,0
2417,26,0,3,1
2418,72,0,10,2
2419,42,2,12,2
2420,52,2,2,2
2421,36,3,6,4
2422,41,7,4,2
2423,24,1,-1,-1
2424,74,4,12,1
2425,36,0,7,2
11674,2,1,1,1
2426,68,0,12,2
2427,28,0,7,1
2428,18,0,6,2
2429,60,0,0,0
2430,77,1,8,1
2431,44,0,4,2
2432,38,1,8,0
2433,44,0,12,1
16983,32,0,-1,-1
4350,56,0,10,1
17378,18,9,-1,-1
4351,23,0,4,1
16038,9,0,-1,-1
17097,15,0,-1,-1
14312,29,0,9,3
4352,44,2,10,6
16122,17,0,-1,-1
16848,37,1,-1,-1
13267,32,0,6,0
17253,59,0,-1,-1
4353,11,0,5,3
18497,9,1,-1,-1
17366,16,0,-1,-1
12042,12,1,8,2
17284,27,0,-1,-1
12323,-1,-1,10,2
15797,22,0,-1,-1
19030,39,0,12,1
19010,54,0,6,0
16941,48,0,-1,-1
14604,60,1,-1,-1
4354,50,2,12,1
16343,54,0,-1,-1
13298,36,0,8,1
4355,23,0,6,1
17553,34,0,-1,-1
18480,24,3,-1,-1
17839,39,1,-1,-1
15545,64,2,-1,-1
16758,25,0,-1,-1
4356,30,0,8,1
4357,74,0,6,0
16143,21,0,-1,-1
13211,67,0,7,1
18407,5,0,-1,-1
18153,7,0,-1,-1
17202,19,1,-1,-1
16821,49,1,-1,-1
15714,58,0,-1,-1
4358,44,0,7,2
17788,16,0,-1,-1
15770,70,1,-1,-1
17991,4,0,-1,-1
4359,64,0,10,2
13234,50,0,5,1
14535,25,0,-1,-1
4360,53,0,5,1
12030,44,0,8,1
4361,86,0,8,1
16910,32,0,-1,-1
18098,11,0,-1,-1
4362,14,0,3,1
4363,25,1,16,7
15286,17,0,-1,-1
18501,30,1,-1,-1
4364,80,2,10,2
16771,43,0,3,1
12378,120,0,13,1
17381,30,0,-1,-1
11737,-1,-1,2,0
19009,51,0,16,1
4365,34,0,8,1
16149,19,0,-1,-1
15249,30,1,-1,-1
16965,18,0,-1,-1
18463,15,0,-1,-1
12332,54,0,6,1
17249,23,0,-1,-1
16332,32,2,-1,-1
16850,52,0,-1,-1
16156,57,0,-1,-1
15752,18,0,-1,-1
18018,17,0,-1,-1
4366,18,0,6,2
16241,13,0,-1,-1
4367,26,0,4,2
18150,51,0,-1,-1
16148,27,0,-1,-1
14363,14,0,-1,-1
4368,34,0,4,1
16263,30,0,-1,-1
4369,36,6,8,5
11516,32,0,6,1
15593,30,0,-1,-1
12040,58,0,7,1
16080,60,1,-1,-1
13970,28,0,11,1
17373,13,0,-1,-1
11845,60,0,6,1
12347,84,0,6,1
4370,72,2,11,1
4371,16,0,6,1
4372,36,2,11,1
4373,21,1,11,1
15768,40,0,-1,-1
4374,13,1,12,1
18347,18,0,-1,-1
4375,68,0,10,1
16641,73,0,-1,-1
17663,34,0,-1,-1
17902,34,0,-1,-1
17016,36,1,-1,-1
12223,44,0,4,1
15693,65,1,-1,-1
4376,12,0,5,1
4377,92,0,13,1
4378,29,0,4,1
16545,13,2,-1,-1
4379,10,0,2,8
17872,5,0,-1,-1
4380,40,1,8,2
14560,77,0,-1,-1
4381,40,0,4,2
4382,8,0,4,0
16438,64,0,-1,-1
18462,16,0,-1,-1
15806,15,0,-1,-1
13314,15,0,4,1
14228,55,0,5,1
4384,34,0,8,1
18155,14,0,-1,-1
16902,16,0,-1,-1
4385,14,1,3,3
4386,50,0,8,2
18449,0,0,-1,-1
4387,14,0,4,1
15862,14,0,-1,-1
17963,31,0,-1,-1
16791,17,0,-1,-1
16834,38,0,-1,-1
16188,43,0,-1,-1
17489,76,0,-1,-1
17357,17,9,-1,-1
4388,36,0,9,1
4389,23,0,-1,-1
13269,63,0,8,0
18366,58,0,-1,-1
16945,47,0,-1,-1
17630,42,0,-1,-1
15737,40,0,-1,-1
14563,17,0,-1,-1
4390,70,0,4,2
14549,108,0,-1,-1
4391,42,0,8,1
16685,45,0,-1,-1
16104,63,0,-1,-1
16503,26,0,-1,-1
19008,10,0,3,0
17182,28,1,-1,-1
17338,52,0,-1,-1
11466,-1,-1,8,1
17806,19,0,-1,-1
4392,68,2,12,0
4393,16,0,14,2
17804,-1,-1,14,0
16230,24,0,-1,-1
17674,52,0,-1,-1
16154,60,0,-1,-1
17738,18,0,-1,-1
19005,42,0,13,0
14564,80,0,-1,-1
4394,-1,-1,7,4
18400,40,14,-1,-1
15353,64,0,-1,-1
4395,76,2,6,2
11697,42,3,7,1
4396,8,0,2,4
17120,68,2,-1,-1
4397,18,0,2,2
4398,20,0,4,1
16938,10,0,-1,-1
4399,42,0,8,2
18387,29,0,-1,-1
17162,26,0,-1,-1
14547,61,0,-1,-1
16812,24,0,-1,-1
11771,32,0,6,1
4400,-1,-1,7,1
4401,10,0,5,1
18062,33,1,-1,-1
17494,49,1,-1,-1
16683,39,0,-1,-1
17226,16,0,-1,-1
17928,29,0,-1,-1
16842,56,0,-1,-1
17328,6,0,-1,-1
4403,48,2,12,2
15512,22,0,-1,-1
4404,34,4,6,1
16293,82,0,-1,-1
4405,17,2,2,0
15773,39,0,-1,-1
19028,42,2,10,1
4406,96,2,12,2
4407,8,2,4,2
15809,39,0,-1,-1
17954,20,1,-1,-1
4408,32,2,8,1
4409,18,1,6,1
17889,19,0,-1,-1
16955,18,0,-1,-1
17728,18,0,-1,-1
16668,18,0,-1,-1
16870,60,0,-1,-1
4410,18,2,6,0
4411,24,0,2,0
17512,41,0,-1,-1
4412,80,0,11,1
4413,86,2,11,7
4414,34,2,2,0
4415,32,0,5,1
11875,55,0,9,1
18515,27,2,-1,-1
17958,6,0,-1,-1
4416,12,1,17,1
11839,13,1,6,1
15480,37,0,-1,-1
4417,32,0,4,1
4418,54,0,10,1
4419,32,1,4,1
4420,22,0,8,0
15538,48,1,-1,-1
13166,89,0,9,2
4421,72,0,11,1
4422,50,0,4,1
11805,46,0,4,1
4423,142,0,10,0
16796,43,0,-1,-1
17188,39,1,-1,-1
18134,16,0,-1,-1
4425,30,0,1,2
16806,27,0,-1,-1
17877,15,0,-1,-1
4426,12,6,5,0
16696,18,0,-1,-1
15676,62,0,-1,-1
11796,84,0,12,1
4427,21,0,6,2
15303,16,0,-1,-1
12215,76,0,2,1
17707,34,0,-1,-1
4428,34,1,6,0
17608,10,1,-1,-1
12338,36,0,8,2
4429,38,0,14,0
11474,42,0,8,1
15651,74,0,-1,-1
4430,86,0,12,1
17195,22,0,-1,-1
15310,72,0,-1,-1
16385,56,4,-1,-1
17662,21,0,-1,-1
16420,62,2,-1,-1
4431,40,0,8,1
17069,22,0,-1,-1
13400,84,0,10,1
17703,26,1,-1,-1
17560,50,0,-1,-1
4432,12,0,6,1
17689,52,0,-1,-1
18395,40,0,-1,-1
19011,67,0,4,0
16741,31,0,-1,-1
18412,49,0,-1,-1
18105,53,0,-1,-1
4433,86,0,6,0
16677,72,0,-1,-1
4434,25,0,3,1
15530,32,0,-1,-1
4435,34,0,3,2
4436,74,0,10,2
17981,28,0,-1,-1
12207,34,0,6,1
19021,25,1,14,0
16341,27,0,-1,-1
11996,34,2,9,2
4437,52,0,2,0
12200,22,0,2,1
16527,28,2,-1,-1
13940,28,0,8,1
4438,24,0,8,0
18061,47,0,-1,-1
16358,59,0,-1,-1
16462,25,0,-1,-1
4439,42,0,7,0
16813,44,3,-1,-1
17932,16,0,-1,-1
15577,103,0,-1,-1
15631,26,0,-1,-1
4440,72,0,12,1
4441,54,0,4,1
19017,49,0,16,0
16690,16,0,-1,-1
4442,27,0,13,1
17429,27,0,-1,-1
16807,28,1,-1,-1
4443,16,0,4,0
4444,42,1,8,2
15791,88,0,-1,-1
16201,18,0,-1,-1
17481,18,0,-1,-1
13227,78,0,16,1
4445,102,1,10,0
16279,39,0,-1,-1
17155,23,0,-1,-1
14328,50,0,14,1
15858,17,0,-1,-1
13194,32,1,7,1
4446,64,2,12,2
17912,13,0,-1,-1
18459,23,4,-1,-1
17250,25,1,-1,-1
18507,25,1,-1,-1
15565,39,0,-1,-1
17187,33,0,-1,-1
15423,56,0,-1,-1
16342,25,0,-1,-1
17959,42,0,-1,-1
16089,31,0,-1,-1
17955,23,0,-1,-1
16203,62,0,-1,-1
17848,11,0,-1,-1
4447,29,0,8,2
4448,18,0,19,1
18063,61,0,-1,-1
13956,41,0,5,1
16110,52,0,-1,-1
16344,18,0,-1,-1
15326,40,0,-1,-1
4449,42,0,10,2
16740,7,0,-1,-1
15360,26,0,-1,-1
16106,53,0,-1,-1
15346,66,0,-1,-1
14577,26,0,-1,-1
19012,74,0,7,0
11523,62,0,6,1
15267,81,0,-1,-1
17936,20,0,-1,-1
17394,22,0,-1,-1
4450,34,1,7,4
4451,74,1,6,2
13149,46,1,8,1
4452,54,2,10,2
17789,26,0,-1,-1
15384,92,0,-1,-1
15397,93,2,-1,-1
4453,9,0,4,0
4454,34,2,7,3
15293,60,1,-1,-1
16935,19,0,-1,-1
19027,38,0,2,0
4455,41,0,7,4
4456,30,2,3,1
17657,39,1,-1,-1
16307,9,0,-1,-1
14473,38,0,-1,-1
15681,58,0,-1,-1
4457,94,0,8,1
16028,66,0,-1,-1
16953,21,0,-1,-1
18461,26,2,-1,-1
14023,44,0,11,1
16432,34,0,-1,-1
4458,22,0,6,2
16642,48,0,-1,-1
4459,30,0,2,0
4460,78,2,8,1
16886,15,0,-1,-1
14338,58,1,10,1
4461,12,0,4,2
4462,20,1,7,1
14496,21,0,-1,-1
15485,28,0,-1,-1
4463,46,0,1,0
4464,16,0,7,1
15859,70,0,-1,-1
16571,35,0,-1,-1
17405,49,0,-1,-1
4465,38,0,12,0
16843,72,1,-1,-1
15356,28,0,-1,-1
4466,52,0,2,0
4467,30,0,4,2
15504,60,0,-1,-1
15531,83,0,-1,-1
4468,20,0,5,13
19006,65,2,22,3
16518,24,0,-1,-1
17100,19,0,-1,-1
15503,58,0,-1,-1
11453,-1,-1,9,1
15614,77,0,-1,-1
4469,62,1,5,1
17522,22,1,-1,-1
15632,59,0,-1,-1
4470,33,1,5,1
16024,46,0,-1,-1
16765,78,0,-1,-1
4471,48,0,6,2
13906,62,0,5,1
17331,36,6,-1,-1
4472,108,0,10,2
14012,10,0,4,1
17342,38,0,-1,-1
16736,67,1,-1,-1
13893,55,0,7,1
4473,44,0,8,2
18508,80,0,-1,-1
17679,59,0,-1,-1
16978,30,0,-1,-1
16628,28,0,-1,-1
4474,6,0,3,4
4475,18,2,5,1
14528,52,0,-1,-1
4476,24,0,8,2
17239,44,0,-1,-1
17817,5,0,-1,-1
4477,24,0,4,1
17296,32,1,-1,-1
15698,48,0,-1,-1
17286,22,0,-1,-1
16041,26,0,-1,-1
18431,19,2,-1,-1
17552,39,0,-1,-1
12298,34,0,8,1
4478,78,0,7,1
4479,90,0,8,1
18432,15,0,-1,-1
4480,64,1,8,0
15288,116,2,-1,-1
4481,21,7,5,1
4482,58,2,6,2
11348,92,0,8,1
4483,36,1,10,1
4484,42,0,2,1
13988,71,0,2,0
19014,86,0,15,0
16065,48,0,-1,-1
4485,22,1,1,1
15320,30,0,-1,-1
4486,26,0,4,0
17803,9,0,-1,-1
15582,102,0,-1,-1
17433,17,0,-1,-1
16620,60,4,-1,-1
12345,42,0,6,1
4487,62,1,10,1
4488,52,0,14,3
17605,50,0,-1,-1
12304,134,0,18,2
13301,24,0,7,0
4489,42,1,1,1
14493,35,0,-1,-1
4490,34,0,2,0
16364,32,0,-1,-1
16270,48,0,-1,-1
14063,45,0,9,1
4491,19,0,10,1
4492,-1,-1,12,2
4493,16,0,6,0
4494,50,0,5,1
17546,20,0,-1,-1
18000,14,0,-1,-1
11396,36,0,3,1
17547,66,0,-1,-1
4495,20,0,10,2
17139,4,0,-1,-1
17649,32,0,-1,-1
17911,7,0,-1,-1
4496,38,0,6,2
17113,52,2,-1,-1
16042,44,0,-1,-1
12277,12,0,1,0
17629,41,0,-1,-1
16605,44,0,-1,-1
4497,58,1,6,1
11492,66,0,10,1
17480,40,0,-1,-1
4498,36,2,10,2
16915,36,0,-1,-1
4499,27,2,8,2
15781,18,1,-1,-1
4500,53,0,9,0
19022,53,0,4,1
4501,42,0,8,6
17871,4,0,-1,-1
15597,24,0,-1,-1
17495,65,0,-1,-1
11504,28,0,7,1
16921,30,1,-1,-1
13300,22,0,9,0
15842,15,0,-1,-1
16988,28,0,-1,-1
15505,44,1,-1,-1
4502,32,0,2,0
17164,37,0,-1,-1
17531,34,0,-1,-1
15547,24,0,-1,-1
13268,31,0,6,1
16701,32,0,-1,-1
15607,68,0,-1,-1
4503,44,0,14,0
17363,38,0,-1,-1
4504,20,1,10,1
4505,37,7,-1,-1
15613,77,0,-1,-1
15391,48,1,-1,-1
4506,60,0,4,1
15795,36,2,-1,-1
4507,30,0,4,2
16528,38,4,-1,-1
15817,70,0,-1,-1
4508,42,0,3,4
4509,72,0,12,0
13395,85,0,8,0
16064,84,0,-1,-1
4510,-1,-1,5,2
14100,25,1,7,1
4511,68,0,3,1
16629,32,0,-1,-1
18044,17,0,-1,-1
11334,26,0,4,1
13179,44,0,9,1
17623,63,0,-1,-1
4512,44,2,3,1
4513,74,0,10,1
4514,10,1,7,1
12421,52,0,5,1
4515,76,0,1,1
18056,26,0,-1,-1
4516,70,0,12,1
4517,24,1,2,1
4518,24,0,9,2
17575,38,0,-1,-1
13144,26,0,12,2
17141,26,0,-1,-1
18381,98,2,-1,-1
11953,30,2,3,1
17953,20,0,-1,-1
4519,20,1,7,1
13883,44,0,5,1
4520,42,0,5,1
19029,28,0,3,1
17692,70,0,-1,-1
4521,22,0,5,1
16709,20,0,-1,-1
15306,68,0,-1,-1
15250,52,0,-1,-1
18383,22,0,-1,-1
16454,60,0,-1,-1
16892,24,0,-1,-1
4522,12,2,1,1
16784,41,2,-1,-1
4523,24,0,2,1
12232,24,4,1,1
14544,34,0,-1,-1
16022,48,0,-1,-1
4524,41,0,3,1
11808,50,0,6,1
15407,18,1,-1,-1
17903,44,0,-1,-1
17038,26,1,-1,-1
16144,72,0,-1,-1
16105,16,0,-1,-1
18060,12,1,-1,-1
16835,17,0,-1,-1
4525,28,2,4,4
4526,108,0,8,2
17507,24,0,-1,-1
16125,9,0,-1,-1
17596,25,0,-1,-1
15654,28,0,-1,-1
4527,48,2,4,1
13884,80,0,7,0
4528,54,0,32,6
11706,130,2,10,1
16833,23,0,-1,-1
4529,68,0,6,1
11607,187,0,7,1
4530,26,0,12,1
17415,5,1,-1,-1
16194,37,0,-1,-1
13217,94,1,12,2
13207,32,1,10,1
4531,28,0,6,0
15587,65,0,-1,-1
17878,8,3,-1,-1
14372,57,0,-1,-1
18007,11,0,-1,-1
14054,44,0,7,1
4532,30,0,8,1
18479,70,0,-1,-1
4533,36,0,16,1
18094,42,2,-1,-1
17699,17,0,-1,-1
13336,58,0,7,1
4534,34,0,6,2
11977,56,0,6,1
4535,28,2,8,2
13233,82,0,12,2
4536,44,0,8,1
4537,32,1,5,0
16484,46,1,-1,-1
4538,74,0,18,0
16569,5,0,-1,-1
4539,70,1,10,0
11531,32,0,2,1
12398,42,0,6,1
15830,24,0,-1,-1
14387,57,0,-1,-1
4540,156,0,9,1
18122,20,0,-1,-1
17110,34,1,-1,-1
14355,26,0,-1,-1
17434,17,0,-1,-1
14064,10,0,13,1
4541,28,0,9,1
12224,20,0,2,1
18019,40,0,-1,-1
15647,16,0,-1,-1
4542,110,2,8,1
17048,11,0,-1,-1
4543,6,0,4,2
18368,34,1,-1,-1
16456,62,0,-1,-1
16216,37,0,-1,-1
17272,26,0,-1,-1
4544,51,0,9,1
15588,40,0,-1,-1
14339,25,0,12,1
4545,18,0,8,1
16700,34,1,-1,-1
12242,15,0,6,1
4546,40,0,10,2
17140,2,0,-1,-1
15479,68,0,-1,-1
4547,34,0,6,2
16897,34,0,-1,-1
17577,22,0,-1,-1
4548,50,0,13,1
17883,20,0,-1,-1
17086,17,0,-1,-1
4549,-1,-1,12,6
16984,15,0,-1,-1
17650,41,0,-1,-1
11624,65,0,9,1
18464,31,2,-1,-1
4550,56,0,4,0
4551,78,0,10,2
4552,58,0,4,2
13878,35,0,4,0
4553,20,0,3,4
4554,90,4,12,0
4555,41,0,5,2
16476,33,1,-1,-1
4556,62,0,6,2
4557,22,0,3,1
15751,56,0,-1,-1
16885,30,0,-1,-1
4558,60,0,12,2
12337,138,0,12,4
4559,92,0,8,0
15860,93,0,-1,-1
15266,93,0,-1,-1
14094,17,0,6,1
4560,48,0,11,1
16666,57,0,-1,-1
16536,33,0,-1,-1
12315,26,0,4,1
16650,77,0,-1,-1
18057,26,0,-1,-1
14302,45,0,8,1
16649,36,0,-1,-1
14050,30,0,16,4
4561,49,0,6,0
4562,16,0,8,2
17823,32,0,-1,-1
4563,58,0,10,1
13145,31,0,8,1
11281,36,0,2,1
18367,90,2,-1,-1
17967,15,0,-1,-1
4564,45,0,10,2
4565,28,0,6,1
17532,22,0,-1,-1
11404,62,0,6,1
4566,190,2,3,1
11946,76,0,18,2
4567,108,2,6,0
12181,26,0,6,1
17343,24,0,-1,-1
4568,38,2,10,6
16283,32,0,-1,-1
4569,51,0,18,0
16204,73,0,-1,-1
15430,74,2,-1,-1
4570,54,0,4,0
12414,82,0,6,1
18496,23,0,-1,-1
17498,18,0,-1,-1
16800,45,0,-1,-1
17395,17,0,-1,-1
14022,52,0,11,3
17210,66,0,-1,-1
4571,2,2,8,2
14250,48,0,17,1
4572,76,0,2,1
16537,20,0,-1,-1
4573,12,0,7,1
4574,46,0,7,1
17295,58,1,-1,-1
16445,27,0,-1,-1
16747,80,1,-1,-1
11353,10,0,6,1
16790,26,0,-1,-1
17163,29,0,-1,-1
4575,80,0,12,2
17112,39,1,-1,-1
4576,64,5,8,4
11640,44,8,6,1
11665,90,0,8,1
18460,12,0,-1,-1
17039,42,0,-1,-1
19013,51,0,8,1
4577,12,2,2,1
4578,12,0,6,1
16724,72,0,-1,-1
11846,110,0,8,1
16027,52,0,-1,-1
15672,40,2,-1,-1
12014,68,0,6,1
11409,28,0,3,1
14239,-1,-1,10,1
4579,79,0,17,1
4580,30,0,4,1
13210,114,0,13,2
17604,58,0,-1,-1
17285,62,0,-1,-1
18154,6,0,-1,-1
14323,22,1,4,1
4581,40,1,6,1
16654,40,0,-1,-1
11280,44,0,3,0
4582,30,0,11,1
14474,73,0,-1,-1
4583,18,0,8,2
4584,14,0,4,1
15815,25,0,-1,-1
15790,54,0,-1,-1
15440,102,0,-1,-1
19015,56,0,5,0
4585,46,1,6,1
4586,26,0,8,2
15850,32,0,-1,-1
16746,70,0,-1,-1
4587,18,0,1,1
14085,26,0,1,1
17027,52,0,-1,-1
15861,32,0,-1,-1
17333,64,0,-1,-1
15655,94,4,-1,-1
4589,76,2,6,2
16797,46,0,-1,-1
4590,14,0,5,1
12184,5,0,4,2
12217,48,0,6,1
16552,35,0,-1,-1
4591,38,0,10,1
17545,51,0,-1,-1
4592,23,0,6,0
15481,104,0,-1,-1
17947,65,0,-1,-1
15829,132,0,-1,-1
4593,21,0,6,1
18521,17,1,-1,-1
17111,39,0,-1,-1
4594,52,2,4,1
4595,90,0,8,1
18403,18,1,-1,-1
13971,13,0,4,1
18032,25,0,-1,-1
13966,78,0,6,1
4596,62,0,1,0
4597,98,0,6,1
18125,19,0,-1,-1
17414,14,1,-1,-1
14069,38,0,5,1
13345,58,0,11,0
16754,47,0,-1,-1
4598,35,0,13,2
15372,39,0,-1,-1
16920,71,0,-1,-1
16732,54,0,-1,-1
4599,27,1,10,4
16719,24,0,-1,-1
17591,43,0,-1,-1
4600,30,10,20,8
17962,7,1,-1,-1
4601,34,1,3,1
4602,64,0,8,0
17673,20,0,-1,-1
14276,43,0,10,5
4603,40,2,6,4
18068,14,0,-1,-1
15743,14,0,-1,-1
4604,58,4,10,1
17041,21,0,-1,-1
4605,86,0,16,1
17624,27,0,-1,-1
17595,44,0,-1,-1
16202,16,0,-1,-1
16455,51,0,-1,-1
4606,64,0,8,1
4607,84,1,-1,-1
16680,38,0,-1,-1
17721,14,1,-1,-1
18374,45,0,-1,-1
4608,15,0,4,0
17727,36,0,-1,-1
4609,56,1,8,1
4610,34,0,10,1
4611,50,1,10,1
4612,36,0,7,3
4613,37,0,6,1
4614,10,1,4,0
4615,20,0,4,2
16760,90,1,-1,-1
4616,38,0,5,1
12364,22,2,14,4
17178,23,0,-1,-1
18348,33,0,-1,-1
4617,22,7,4,1
16250,32,0,-1,-1
4618,40,0,10,1
16155,73,0,-1,-1
15429,52,0,-1,-1
13879,145,0,10,1
12417,40,0,6,2
4619,24,0,5,1
11393,96,1,7,0
4620,21,3,4,4
16262,7,0,-1,-1
14011,38,1,-1,-1
4621,41,0,14,4
4622,30,0,4,1
16578,38,0,-1,-1
4623,30,1,4,0
4624,54,6,10,2
18075,16,0,-1,-1
18087,30,0,-1,-1
14024,20,0,6,1
14037,62,0,1,1
13907,54,0,2,0
17052,26,0,-1,-1
17815,6,0,-1,-1
4625,28,2,1,1
11760,11,0,1,0
16999,36,0,-1,-1
18170,22,0,-1,-1
15569,39,1,-1,-1
17367,40,0,-1,-1
15756,27,0,-1,-1
11658,17,0,8,1
17497,40,0,-1,-1
4626,5,0,1,1
16964,4,2,-1,-1
4627,158,0,6,0
4628,32,0,5,2
16909,38,0,-1,-1
18043,8,0,-1,-1
14318,64,0,5,3
18510,27,0,-1,-1
4629,26,0,9,1
11825,34,0,2,1
4630,38,1,14,1
4631,10,0,3,1
13005,38,0,11,1
17219,45,0,-1,-1
4632,24,0,4,1
4633,34,0,8,2
4634,34,0,10,0
16371,40,0,-1,-1
17040,39,0,-1,-1
16282,25,0,-1,-1
12036,38,0,2,0
16954,45,0,-1,-1
4635,44,0,20,1
4636,62,0,8,2
4637,46,0,5,1
18369,16,0,-1,-1
14526,85,0,-1,-1
4639,138,0,6,4
4640,12,0,2,1
14552,22,0,-1,-1
4641,9,0,9,1
16940,25,0,-1,-1
15692,19,0,-1,-1
13206,50,0,9,1
4642,24,0,6,5
4643,32,0,8,2
11435,68,0,9,0
15471,58,0,-1,-1
18380,3,0,-1,-1
17444,35,0,-1,-1
14217,47,0,8,1
15778,82,0,-1,-1
19016,74,1,19,14
17000,16,0,-1,-1
15383,67,0,-1,-1
17708,33,0,-1,-1
17900,28,0,-1,-1
15583,91,0,-1,-1
4644,26,4,6,1
17021,43,0,-1,-1
4645,48,0,8,0
14324,33,0,6,1
16625,31,0,-1,-1
16231,52,1,-1,-1
17772,24,0,-1,-1
16761,27,0,-1,-1
15437,60,1,-1,-1
17763,32,0,-1,-1
17298,42,1,-1,-1
16439,45,0,-1,-1
16568,8,0,-1,-1
4646,40,0,9,1
17853,9,0,-1,-1
13391,44,1,8,0
12427,68,0,6,1
16667,20,1,-1,-1
4647,38,2,8,4
17742,26,0,-1,-1
17128,24,0,-1,-1
15367,38,0,-1,-1
15594,53,0,-1,-1
13363,40,0,9,1
16977,34,0,-1,-1
15482,22,2,-1,-1
18021,32,0,-1,-1
4648,20,1,2,2
4649,58,0,16,8
17881,33,0,-1,-1
14590,38,2,-1,-1
16841,28,0,-1,-1
15726,37,0,-1,-1
15769,23,0,-1,-1
14369,36,0,-1,-1
11344,56,0,14,1
16236,48,0,-1,-1
11868,24,0,2,1
15255,27,0,-1,-1
16966,60,0,-1,-1
12374,58,0,8,0
14601,45,0,-1,-1
16380,26,0,-1,-1
17259,26,0,-1,-1
4650,82,2,3,1
4651,17,1,8,1
4652,52,0,-1,-1
17356,35,0,-1,-1
17846,14,0,-1,-1
15814,23,0,-1,-1
4653,22,2,4,6
17096,7,0,-1,-1
18031,43,0,-1,-1
17315,53,0,-1,-1
4654,48,0,5,1
4655,109,1,2,0
4656,76,0,6,0
13921,96,0,7,0
15566,52,0,-1,-1
16865,26,0,-1,-1
16589,4,0,-1,-1
13352,45,0,7,2
4657,34,0,5,3
13999,10,0,5,1
16705,44,0,-1,-1
16575,17,1,-1,-1
4658,6,2,36,0
14597,44,0,-1,-1
18013,18,0,-1,-1
4659,42,0,6,0
4660,35,0,4,1
13387,63,0,7,0
4661,17,0,4,2
16619,12,0,-1,-1
17406,75,0,-1,-1
13254,32,1,14,1
4662,28,0,6,2
18481,18,0,-1,-1
16808,25,1,-1,-1
13343,96,0,4,1
4663,12,1,3,2
4664,58,0,11,1
4665,45,0,1,1
16748,24,0,-1,-1
11939,65,0,8,1
16431,18,0,-1,-1
14201,53,0,9,1
14298,10,0,4,1
14481,30,0,-1,-1
16679,40,0,-1,-1
4666,18,0,4,1
16235,17,0,-1,-1
4667,32,0,8,4
18171,6,0,-1,-1
4668,46,0,6,0
18359,21,0,-1,-1
17611,39,0,-1,-1
4669,66,1,17,4
4670,14,1,4,1
4671,17,0,3,1
4672,34,1,10,0
17693,38,0,-1,-1
16785,15,0,-1,-1
4673,18,0,6,2
16529,34,0,-1,-1
4674,26,0,8,2
4675,44,0,8,1
4676,56,0,4,1
4677,40,1,6,1
15796,43,0,-1,-1
16553,20,0,-1,-1
15537,56,1,-1,-1
13415,19,0,6,1
12426,85,0,14,1
16487,34,0,-1,-1
14078,16,0,2,1
14361,48,0,6,4
4678,40,0,8,0
4679,28,0,3,1
16079,81,0,-1,-1
16357,14,0,-1,-1
4680,40,2,17,3
16836,56,0,-1,-1
14603,16,0,-1,-1
18135,42,0,-1,-1
4681,116,0,2,0
16242,18,0,-1,-1
4682,52,0,4,1
18364,62,0,-1,-1
15319,38,0,-1,-1
4683,14,0,8,2
16720,70,0,-1,-1
4684,22,0,12,2
4685,46,1,8,2
17511,56,2,-1,-1
16809,19,1,-1,-1
13250,35,0,9,1
4686,10,0,4,1
4687,42,0,18,2
4688,28,0,8,2
16687,45,1,-1,-1
4689,40,0,8,2
4690,42,1,8,1
18378,63,0,-1,-1
14086,86,0,3,0
16716,39,0,-1,-1
18409,33,0,-1,-1
13967,206,1,13,1
16582,23,0,-1,-1
15727,46,0,-1,-1
16485,18,0,-1,-1
4691,54,0,16,0
17499,43,0,-1,-1
17009,41,1,-1,-1
14386,85,0,-1,-1
13934,64,0,7,1
4692,32,3,8,0
4693,24,0,6,1
4694,80,0,8,1
18450,42,0,-1,-1
19018,71,0,23,6
14510,120,0,-1,-1
13291,48,0,12,1
13372,39,0,10,1
4695,42,0,4,0
4696,40,0,6,1
17225,21,1,-1,-1
17294,54,1,-1,-1
16126,38,0,-1,-1
4697,22,0,4,1
17730,15,0,-1,-1
13935,39,0,3,1
11893,72,0,20,2
12237,56,0,8,2
4698,46,0,8,0
16987,60,0,-1,-1
16775,89,0,-1,-1
13924,23,0,6,1
16181,97,0,-1,-1
16715,27,0,-1,-1
13881,81,2,10,1
16801,57,0,-1,-1
17814,8,2,-1,-1
17179,15,0,-1,-1
17922,11,2,-1,-1
16916,54,0,-1,-1
4699,12,1,4,0
12425,90,0,4,0
17121,35,0,-1,-1
13416,4,0,1,0
4700,34,0,6,1
14089,100,0,13,1
4701,62,2,8,1
14207,35,0,10,1
17933,32,0,-1,-1
4703,44,0,4,1
4704,26,0,6,1
17968,21,0,-1,-1
4705,11,4,4,1
4706,18,0,6,0
4707,52,6,6,2
14044,38,0,13,1
12212,32,0,6,1
14260,53,0,12,1
13151,56,0,4,1
14612,27,0,-1,-1
4708,24,2,10,7
4709,21,0,9,1
19025,59,0,10,1
4711,84,0,16,4
15410,39,0,-1,-1
4712,28,2,10,1
4713,49,2,6,1
4714,24,2,1,1
17757,20,0,-1,-1
12005,70,0,8,1
17103,25,0,-1,-1
17628,28,0,-1,-1
14216,49,0,10,1
4715,62,0,4,0
17379,62,2,-1,-1
4716,38,0,3,0
4717,14,4,4,7
18528,35,1,-1,-1
16900,23,0,-1,-1
4718,82,0,4,0
16786,26,0,-1,-1
17821,18,0,-1,-1
4719,50,0,6,0
17847,11,0,-1,-1
17756,26,0,-1,-1
4720,20,0,6,1
4721,34,2,10,1
15828,94,0,-1,-1
16317,16,0,-1,-1
15711,13,0,-1,-1
13337,40,0,6,1
17816,32,0,-1,-1
13146,67,0,12,1
16606,32,0,-1,-1
16899,14,0,-1,-1
15513,85,0,-1,-1
14586,14,0,-1,-1
18422,51,0,-1,-1
4722,60,0,-1,-1
17047,6,0,-1,-1
14262,72,1,8,6
4723,18,0,8,1
18067,16,0,-1,-1
13160,40,0,8,1
17794,72,0,-1,-1
12180,65,0,8,2
4724,28,0,4,1
12384,82,2,16,0
14569,22,1,-1,-1
12361,16,0,6,1
4725,24,2,6,1
17400,68,0,-1,-1
12179,59,1,8,1
4726,50,2,7,1
17980,27,0,-1,-1
4727,42,0,10,2
14215,44,1,10,1
4728,94,1,6,1
4729,50,0,12,1
4730,50,0,2,0
17246,54,0,-1,-1
4731,32,0,4,1
16486,17,0,-1,-1
4732,67,11,1,1
4733,22,0,4,1
4734,90,0,5,1
14199,25,0,8,1
17203,16,2,-1,-1
4735,34,0,6,2
17880,34,0,-1,-1
4736,112,2,8,2
4737,25,0,3,1
4738,48,0,4,0
4739,32,0,6,1
16036,18,0,-1,-1
18012,22,0,-1,-1
4740,12,0,3,1
4741,31,0,6,0
4742,26,0,5,1
14353,34,0,-1,-1
16593,58,0,-1,-1
11614,36,0,11,0
14244,14,0,6,1
16078,50,0,-1,-1
17087,60,0,-1,-1
17454,38,0,-1,-1
4743,34,0,4,0
18077,27,0,-1,-1
16437,50,0,-1,-1
16570,29,0,-1,-1
16924,28,1,-1,-1
16944,16,0,-1,-1
17767,48,0,-1,-1
4744,32,0,3,1
13923,43,0,5,1
16901,54,0,-1,-1
17452,37,1,-1,-1
16898,33,0,-1,-1
13273,57,0,7,0
16576,42,0,-1,-1
11772,42,4,6,2
4745,26,1,9,1
18516,17,11,-1,-1
4746,19,0,8,1
16594,32,0,-1,-1
13980,27,1,6,2
4747,54,0,6,0
17731,16,0,-1,-1
4748,38,0,16,1
4749,32,0,12,1
4750,45,1,9,3
4751,36,0,10,2
4752,75,0,11,5
15621,84,0,-1,-1
4753,28,0,7,1
17442,36,0,-1,-1
16081,24,0,-1,-1
16590,8,0,-1,-1
4755,22,0,2,1
14072,14,0,4,1
4756,27,0,16,1
18362,20,0,-1,-1
15421,87,0,-1,-1
17775,52,0,-1,-1
18363,30,2,-1,-1
11873,132,0,9,1
14576,58,0,-1,-1
4757,86,0,12,4
17393,52,0,-1,-1
18438,22,11,-1,-1
17822,21,0,-1,-1
4758,84,0,4,1
14077,143,1,12,1
4759,138,2,11,1
16546,18,2,-1,-1
15263,19,0,-1,-1
12009,30,0,6,2
4760,34,1,8,2
4761,20,0,-1,-1
14026,17,0,11,4
15449,56,0,-1,-1
17805,20,0,-1,-1
15697,26,0,-1,-1
15331,32,1,-1,-1
4762,8,1,2,2
17890,23,0,-1,-1
14385,45,1,-1,-1
16936,8,2,-1,-1
4763,37,0,5,1
4764,50,0,24,2
14354,8,0,5,0
17479,105,0,-1,-1
17218,42,0,-1,-1
18365,39,9,-1,-1
16123,79,0,-1,-1
4765,16,1,5,1
4766,68,1,10,0
12289,6,0,2,0
17548,31,0,-1,-1
15502,38,0,-1,-1
18393,32,0,-1,-1
13224,47,0,12,1
17558,39,0,-1,-1
16789,63,0,-1,-1
18001,10,0,-1,-1
16037,31,0,-1,-1
4768,44,0,14,1
17735,38,0,-1,-1
17523,51,0,-1,-1
14491,142,0,-1,-1
4769,60,1,10,0
13246,37,0,12,2
16759,35,1,-1,-1
15783,50,0,-1,-1
4770,30,0,6,9
4771,29,3,10,2
17374,36,0,-1,-1
13148,42,0,17,6
4772,42,0,8,1
18045,16,0,-1,-1
15568,43,0,-1,-1
19007,42,0,9,1
4773,92,0,13,1
11698,120,0,3,1
4774,16,0,3,8
16180,79,0,-1,-1
4775,24,0,8,0
4776,28,2,14,2
16421,62,0,-1,-1
17271,16,1,-1,-1
17183,17,1,-1,-1
14500,20,1,-1,-1
4778,38,2,5,1
4779,38,1,1,1
4780,58,0,11,1
16788,60,0,-1,-1
16930,20,1,-1,-1
4781,36,4,5,2
16866,47,0,-1,-1
11275,92,0,18,8
11596,19,1,4,1
13252,30,1,11,2
15248,110,2,-1,-1
16749,17,0,-1,-1
4782,40,2,3,1
4783,40,0,5,1
4784,54,0,6,2
14038,36,0,8,2
4785,33,1,4,1
4786,62,1,14,2
18008,4,0,-1,-1
15350,29,0,-1,-1
16934,24,0,-1,-1
17129,6,0,-1,-1
4787,34,0,8,2
11416,54,0,4,1
18095,12,0,-1,-1
4788,122,0,16,3
4789,6,0,7,1
17330,10,1,-1,-1
19026,35,0,9,1
11988,32,0,3,1
11554,38,0,4,0
13139,80,0,8,0
18529,16,1,-1,-1
4790,74,1,6,1
16309,36,1,-1,-1
17104,53,0,-1,-1
4791,60,0,8,2
16967,37,0,-1,-1
19020,35,0,9,2
18345,40,0,-1,-1
4792,26,0,2,2
17719,23,0,-1,-1
16847,51,0,-1,-1
4793,36,0,4,1
18394,31,0,-1,-1
15432,55,1,-1,-1
17510,20,0,-1,-1
4794,36,1,4,1
4795,42,4,-1,-1
4796,16,0,5,1
19031,0,0,11,0
17313,11,0,-1,-1
17857,10,0,-1,-1
16802,66,0,-1,-1
11581,116,0,3,1
14598,47,0,-1,-1
16737,63,0,-1,-1
18511,40,0,-1,-1
4797,48,0,8,0
4798,122,0,8,4
4799,10,2,8,1
17718,14,0,-1,-1
18030,21,0,-1,-1
4800,46,0,8,1
17952,6,1,-1,-1
17464,32,0,-1,-1
4801,8,0,2,1
18076,17,0,-1,-1
11597,68,0,6,2
4802,46,2,6,2
4803,46,0,3,0
18502,34,0,-1,-1
14497,48,0,-1,-1
4804,54,0,8,0
16356,44,2,-1,-1
4805,6,1,4,1
15671,66,0,-1,-1
16750,30,0,-1,-1
4806,38,0,5,1
5586,52,2,6,1
5587,12,0,2,2
5588,13,0,2,2
5589,80,0,5,1
5590,82,0,13,1
5591,22,0,-1,-1
5592,34,0,12,8
5593,4,0,2,3
5594,11,1,4,2
5595,19,0,4,1
5596,12,0,32,2
5597,31,2,16,1
5598,5,1,1,1
5599,54,0,12,2
5600,39,0,4,1
5601,42,0,4,0
5602,24,0,2,0
5603,54,0,1,1
5604,29,0,5,1
5605,44,2,6,1
5606,6,2,2,2
5607,32,2,6,0
5608,4,0,2,2
5609,6,2,2,2
5610,5,0,6,2
5611,16,0,2,8
5612,68,0,34,0
5613,10,0,6,1
5614,2,2,4,2
5615,12,0,8,2
5616,74,0,12,1
5617,22,2,4,1
5618,6,0,3,1
5619,34,2,2,3
5620,46,0,4,3
5621,-1,-1,16,2
5622,36,2,9,2
5624,64,2,18,2
5625,14,4,2,0
5626,68,2,5,3
5627,14,2,4,0
5628,8,2,1,0
5629,-1,-1,4,0
5630,52,0,14,0
5631,16,4,8,4
5632,32,2,14,0
5633,14,0,7,4
5634,88,0,16,4
5635,36,0,2,2
5636,30,0,2,2
5637,4,0,0,2
5638,38,0,8,0
5639,132,0,20,0
5640,66,0,19,1
5641,112,2,23,5
5642,6,3,2,2
5643,48,4,6,2
5644,30,0,4,2
5645,14,0,4,1
5646,-1,-1,12,10
5647,80,0,10,1
5648,72,2,12,4
5649,26,0,7,1
5650,6,0,2,1
5651,23,0,5,1
5652,8,2,2,2
5653,38,0,4,1
5654,8,2,2,0
5655,52,1,14,1
5656,54,0,12,4
5657,16,0,2,1
5658,34,1,-1,-1
5659,40,0,6,1
5660,21,2,24,2
5661,12,2,8,2
5662,4,0,1,1
5663,32,6,2,1
5665,50,0,8,4
5666,12,4,4,4
5667,6,0,4,4
5668,30,2,38,2
5669,32,0,10,2
5670,50,1,6,1
5671,26,0,1,1
5672,126,0,16,2
5673,24,0,2,0
5674,8,0,3,2
5675,26,0,4,1
5676,41,0,2,1
5677,6,2,2,2
5678,90,0,21,1
5679,96,2,10,1
5680,78,0,10,1
5681,49,1,2,0
5682,9,0,2,2
5683,18,2,6,4
5684,18,0,2,0
5685,82,0,14,2
5686,36,0,12,2
5687,26,0,1,1
5688,4,0,4,2
5689,29,2,2,1
5691,20,0,2,0
5692,53,2,16,1
5693,23,0,6,1
5694,-1,-1,5,0
5696,40,0,6,0
5697,14,2,4,0
5698,46,0,2,2
5699,10,0,5,1
5700,48,0,8,0
5701,14,0,3,1
5702,95,0,3,1
5703,36,0,11,3
5704,26,0,6,15
5705,2,0,2,0
5706,24,4,1,1
5707,12,0,4,0
5708,70,1,43,1
5709,44,1,8,2
5710,78,2,2,1
5711,9,0,2,0
5712,80,1,17,1
5713,17,0,8,2
5714,8,0,4,2
5715,48,0,11,3
5716,12,0,1,3
5717,64,0,6,1
5718,12,0,2,2
5719,-1,-1,2,0
5720,20,2,8,1
5721,18,0,2,2
5722,100,0,34,4
5723,110,0,18,2
5724,10,0,0,0
5725,30,0,2,2
5726,14,0,18,1
5727,6,2,2,2
5728,70,0,6,1
5729,24,0,1,1
5730,62,0,14,1
5731,8,0,2,2
5732,25,1,6,0
5733,56,2,14,2
5734,102,0,16,2
5735,94,0,14,4
5736,24,2,10,2
5737,18,0,8,2
5738,48,0,8,1
5739,56,2,8,4
5740,12,2,1,1
5741,34,0,8,0
5742,9,0,2,1
5743,10,0,3,0
5744,24,0,2,2
5745,4,2,6,4
5746,50,0,11,3
5747,28,0,8,1
5748,0,0,0,0
5749,23,0,6,2
5750,6,0,2,2
5751,20,0,6,2
5752,12,0,2,1
5753,26,2,1,1
5754,12,2,10,0
5755,90,0,22,4
5756,96,0,32,2
5757,24,0,4,0
5758,44,0,8,2
5759,97,0,32,1
5760,50,0,2,0
5761,14,0,2,2
5762,6,0,6,0
5763,26,0,2,2
5764,36,0,15,2
5765,6,2,5,1
5766,42,0,10,2
5767,-1,-1,14,1
5768,8,0,6,2
5769,8,2,2,2
5770,34,0,10,1
5771,14,0,12,1
5772,-1,-1,9,2
5773,60,2,12,2
5774,46,2,16,6
5775,38,0,-1,-1
5776,14,0,6,2
5777,50,0,7,2
5778,72,0,15,2
5779,152,2,31,1
5780,10,2,2,0
5781,1,0,1,1
5782,6,0,2,0
5783,70,0,2,2
5784,22,0,2,1
5785,5,0,8,0
5786,20,2,2,2
5787,22,0,1,2
5788,64,2,8,1
5789,12,2,2,2
5790,24,0,3,0
5791,28,0,8,0
5792,30,2,2,1
5793,12,4,4,2
5794,4,0,1,6
5795,0,0,6,2
5796,-1,-1,2,0
5797,8,3,2,2
5798,88,0,12,2
5799,-1,-1,8,1
5800,4,1,3,2
5801,82,13,4,4
5802,24,0,6,0
5803,21,0,5,1
5804,30,0,4,0
5805,88,0,16,3
5806,20,0,1,1
5807,40,0,8,2
5808,10,2,7,4
5809,-1,-1,6,2
5810,34,4,3,1
5811,22,0,4,3
5812,8,0,5,1
5813,78,1,18,0
5814,106,0,10,2
5815,-1,-1,2,2
5816,35,0,8,2
5817,22,0,6,2
5818,36,0,10,0
5819,6,0,1,1
5820,78,0,34,6
5821,13,2,10,1
5822,44,0,16,0
5823,42,0,2,1
5824,28,2,2,2
5825,22,0,6,2
5826,12,0,3,1
5827,22,0,0,0
5828,30,0,24,8
6043,38,0,6,10
6044,16,2,8,4
6045,2,0,2,2
6046,10,0,4,2
6047,8,0,4,2
6048,32,1,12,4
6049,8,2,22,0
6050,4,1,4,6
6051,8,0,2,2
6052,9,0,2,2
6053,8,1,2,0
6054,6,0,1,2
6055,10,2,1,6
6056,4,0,1,1
6057,14,0,2,11
6058,2,2,2,2
6059,18,0,2,6
6060,14,0,6,6
6061,16,10,16,2
6062,28,2,2,8
6063,34,2,8,16
6064,10,2,3,3
6065,32,2,6,2
6066,32,0,2,1
6067,18,0,1,1
6068,9,1,2,1
6069,7,1,4,2
6070,10,2,4,2
6071,2,0,-1,-1
6072,8,0,2,0
6073,12,1,8,4
6074,10,1,2,0
6075,16,0,8,2
6076,11,0,4,2
6077,14,2,4,2
6078,18,0,3,0
6079,5,0,4,2
6080,11,1,2,2
6081,48,6,6,20
6082,10,0,4,6
6083,30,2,9,2
6084,18,2,4,4
6085,24,2,2,6
6086,20,0,4,8
6087,14,4,10,8
6088,27,4,4,6
6089,25,0,6,0
6090,16,2,2,2
6091,20,0,6,2
6092,10,0,2,1
6093,4,2,5,16
6094,20,4,12,2
6095,6,0,4,4
6096,35,2,4,0
6097,56,1,10,2
6098,12,0,6,14
6099,34,2,11,7
6100,18,0,10,4
6101,26,2,8,2
6102,10,0,6,2
6103,44,4,12,4
6104,36,6,6,8
6105,25,1,7,1
6106,8,1,4,4
6107,20,1,6,1
6108,22,0,4,2
6109,14,0,2,2
6110,14,0,2,2
6111,18,1,4,12
6113,32,2,3,16
6114,22,0,6,1
6115,23,1,4,4
6116,42,4,8,4
6117,14,4,8,10
6118,14,0,4,26
6119,8,0,4,2
6120,14,4,4,2
6121,22,2,11,9
6122,2,2,2,4
6123,22,2,9,8
6124,14,2,1,2
6125,43,0,8,4
6126,20,5,6,2
6127,25,4,4,8
6128,18,0,8,12
6129,22,8,4,4
6130,5,0,2,1
6131,28,0,4,0
6132,22,4,8,12
6133,6,1,5,1
6134,2,0,7,5
6135,10,0,10,8
6136,28,2,8,2
6137,12,2,2,6
6138,15,1,6,4
6139,15,0,6,1
6140,12,1,4,6
6141,0,0,2,2
6142,15,0,10,2
6143,15,2,8,8
6144,22,1,2,2
6145,2,0,2,6
6146,30,2,5,1
6147,6,1,2,2
6148,10,0,6,1
6149,7,0,4,0
6150,18,0,4,4
6151,16,0,8,2
6152,8,0,0,0
6153,6,1,6,2
6154,36,0,6,2
6155,26,1,6,1
6156,4,1,1,3
6157,20,0,10,2
6158,27,-1,5,4
6159,24,2,8,1
6160,16,4,11,10
6161,18,0,2,1
6204,1,0,2,2
6205,0,0,0,2
6206,2,0,2,0
6207,16,2,10,6
6208,8,0,1,1
6209,6,0,2,0
6212,4,2,0,0
6213,12,2,2,2
6214,0,0,2,0
6215,22,4,3,2
6216,6,3,4,0
6217,2,0,2,0
6218,-1,-1,2,2
6219,14,0,2,2
6220,0,4,2,0
6221,11,1,4,0
6222,2,2,2,2
6224,2,1,2,2
6225,6,0,2,2
6226,1,0,1,1
6227,17,8,6,2
6228,-1,-1,2,0
6229,0,0,2,0
6230,14,2,2,2
6231,4,0,2,2
6233,2,0,2,0
6234,4,0,2,0
6235,0,0,1,1
6236,4,0,2,0
6237,30,0,2,0
6238,-1,-1,2,0
6239,4,0,1,1
6240,2,0,2,0
6241,0,0,1,0
6242,14,0,2,2
6243,2,0,1,0
6244,-1,-1,1,1
6245,3,10,2,0
6246,-1,-1,1,1
6247,0,0,2,0
6248,11,1,2,2
6249,8,0,2,2
6322,10,0,-1,-1
6323,16,1,-1,-1
6324,22,0,-1,-1
6325,-1,-1,6,0
6326,43,1,-1,-1
6327,47,0,-1,-1
6328,10,0,-1,-1
6331,-1,-1,2,2
6332,8,0,-1,-1
6333,-1,-1,4,0
6334,-1,-1,6,2
6335,-1,-1,2,0
6336,-1,-1,1,0
6337,-1,-1,6,2
6338,30,0,-1,-1
6339,-1,-1,10,1
6340,-1,-1,6,0
6341,-1,-1,2,2
6343,-1,-1,4,0
6344,-1,-1,4,2
6345,-1,-1,2,0
6347,-1,-1,5,1
6348,26,8,-1,-1
6349,218,0,-1,-1
6351,-1,-1,2,1
6352,-1,-1,4,1
6353,-1,-1,6,1
6355,14,0,-1,-1
6356,14,0,-1,-1
6357,12,0,-1,-1
6465,16,0,-1,-1
6466,18,0,-1,-1
6467,36,0,-1,-1
6468,16,0,-1,-1
6469,28,0,-1,-1
6470,-1,-1,2,2
6471,-1,-1,7,1
6472,-1,-1,6,2
6473,22,0,-1,-1
6474,96,-1,4,2
6475,18,0,6,2
6477,118,0,-1,-1
6478,-1,-1,4,0
6479,24,0,-1,-1
6480,-1,-1,9,0
6481,-1,-1,4,2
6482,-1,-1,4,0
6483,18,0,-1,-1
6485,-1,-1,6,1
6486,-1,-1,2,0
6487,-1,-1,4,0
6489,12,0,-1,-1
6491,-1,-1,2,0
6531,34,2,1,0
6532,32,0,2,1
6533,34,0,4,2
6534,18,0,2,1
6535,22,0,3,1
6536,34,0,4,2
6537,20,0,4,1
6538,22,0,3,0
6539,15,0,3,1
6540,32,0,5,1
6541,18,0,8,1
6542,16,0,3,0
6543,25,1,6,1
6544,8,0,3,1
6545,4,0,2,0
6546,10,2,4,0
6547,16,0,7,1
6548,18,0,8,2
6549,16,2,8,2
6550,20,0,2,2
6667,24,0,-1,-1
6669,-1,-1,6,0
6670,-1,-1,4,1
6671,24,0,-1,-1
6672,-1,-1,2,2
6673,22,0,-1,-1
6674,35,0,-1,-1
6675,-1,-1,2,0
6676,54,0,-1,-1
6678,-1,-1,4,0
6679,10,0,-1,-1
6680,16,0,-1,-1
6683,-1,-1,1,1
6684,4,0,-1,-1
6685,-1,-1,2,2
6686,-1,-1,10,2
6687,14,0,-1,-1
6688,-1,-1,2,2
6689,-1,-1,6,0
6690,26,0,-1,-1
6691,-1,-1,0,2
6692,8,0,-1,-1
6693,6,0,-1,-1
6694,-1,-1,3,1
6695,-1,-1,8,2
6696,-1,-1,8,0
6698,6,0,-1,-1
6699,32,0,-1,-1
6700,20,0,-1,-1
6701,-1,-1,4,2
6703,-1,-1,8,0
6704,-1,-1,4,2
6705,-1,-1,8,1
6706,-1,-1,13,1
6707,14,0,-1,-1
6708,44,0,-1,-1
6709,-1,-1,4,0
6710,16,0,-1,-1
6712,-1,-1,4,0
6713,22,0,-1,-1
6714,-1,-1,6,1
6717,350,0,-1,-1
6851,17,0,2,0
6852,13,0,4,1
6853,0,0,7,1
6854,26,0,7,1
6855,20,0,4,1
6856,14,0,2,0
6857,12,0,8,1
6858,18,0,10,1
6859,14,0,2,1
6860,30,0,7,1
6861,12,0,4,0
6862,4,0,2,1
6863,18,0,2,1
6864,8,0,5,1
6865,40,0,6,1
6866,24,1,4,1
6867,50,0,7,1
6868,22,0,4,0
6869,14,0,6,1
6870,24,0,-1,-1
6871,26,0,6,2
6872,12,0,4,1
6873,16,0,4,2
6874,21,0,8,2
6875,34,0,6,2
6876,20,1,4,2
6877,16,0,2,0
6878,24,0,5,1
6879,14,0,4,1
6880,26,0,2,2
6881,10,0,6,2
6882,34,0,12,2
6883,28,0,3,1
6884,21,0,5,1
6885,24,0,4,2
6886,14,0,4,2
6887,16,0,4,0
6888,42,0,4,1
6889,32,0,8,1
6890,26,0,5,1
6891,29,0,4,1
6892,18,0,3,1
6893,12,18,3,1
6894,22,0,8,1
6895,22,2,6,1
6896,22,1,6,2
6897,20,0,2,1
6898,38,0,4,2
6899,44,0,4,2
6900,30,0,5,1
6901,6,0,3,1
6985,-1,-1,4,2
6986,-1,-1,4,2
6987,-1,-1,4,2
6988,54,0,-1,-1
6989,-1,-1,4,0
19047,-1,-1,4,1
6990,31,0,-1,-1
6991,-1,-1,8,0
6992,-1,-1,6,2
6993,30,2,-1,-1
6994,8,0,-1,-1
6995,76,1,-1,-1
6996,56,0,-1,-1
6997,80,1,-1,-1
6998,-1,-1,4,0
6999,-1,-1,6,0
7000,38,2,-1,-1
7001,-1,-1,4,2
7002,-1,-1,2,0
7003,106,0,-1,-1
7004,76,1,-1,-1
7005,-1,-1,6,0
7006,-1,-1,10,2
7007,-1,-1,4,2
7008,-1,-1,2,2
7009,-1,-1,4,0
7010,6,1,-1,-1
7011,60,1,-1,-1
7012,-1,-1,4,2
7013,-1,-1,4,2
7014,50,0,-1,-1
7015,-1,-1,2,0
7016,-1,-1,10,2
7017,26,0,-1,-1
7018,68,1,-1,-1
7019,112,0,-1,-1
7020,-1,-1,6,2
7021,-1,-1,6,2
7022,62,0,-1,-1
7023,-1,-1,4,2
7024,-1,-1,4,0
7025,-1,-1,6,0
7026,-1,-1,4,2
7027,4,8,-1,-1
7028,24,0,-1,-1
7029,-1,-1,4,0
7030,56,2,-1,-1
7031,-1,-1,4,2
7032,-1,-1,2,2
7033,-1,-1,8,2
7034,48,2,-1,-1
7035,4,0,-1,-1
7036,-1,-1,10,2
7037,84,2,-1,-1
7038,-1,-1,6,2
7039,-1,-1,2,2
7308,4,2,-1,-1
7309,-1,-1,6,2
7310,3,0,-1,-1
7311,2,0,-1,-1
7312,44,2,-1,-1
7313,-1,-1,8,2
7314,-1,-1,6,2
7315,28,0,4,2
7316,22,2,-1,-1
7317,-1,-1,4,2
7318,32,0,-1,-1
7319,30,1,-1,-1
7320,86,0,-1,-1
7321,112,0,-1,-1
7323,32,0,-1,-1
7324,-1,-1,12,2
7325,66,2,-1,-1
7326,6,0,-1,-1
7328,48,0,-1,-1
7329,48,1,-1,-1
7330,13,0,4,1
7331,-1,-1,4,2
19085,18,0,-1,-1
7332,10,2,4,0
7333,72,1,-1,-1
7334,44,0,-1,-1
7335,-1,-1,6,2
7336,-1,-1,2,2
7338,-1,-1,6,2
7339,28,0,2,0
7340,-1,-1,8,2
7341,68,1,6,1
7342,30,0,-1,-1
7343,52,8,3,1
7345,26,0,-1,-1
7346,18,0,-1,-1
7348,22,0,-1,-1
7349,32,0,4,2
7350,16,1,-1,-1
7351,20,2,-1,-1
7352,36,0,12,2
7353,6,0,-1,-1
7355,-1,-1,8,2
7356,-1,-1,2,0
7357,-1,-1,4,0
7358,-1,-1,2,2
7359,-1,-1,4,2
7361,-1,-1,4,2
7362,46,1,-1,-1
7363,32,6,-1,-1
7364,30,0,-1,-1
7365,50,0,-1,-1
7367,56,1,5,0
7369,34,1,-1,-1
7370,10,0,-1,-1
7371,50,0,-1,-1
7372,0,0,-1,-1
7373,56,1,-1,-1
7374,46,0,-1,-1
7375,28,0,-1,-1
7376,-1,-1,2,2
7377,-1,-1,2,2
7378,-1,-1,2,2
7379,16,0,-1,-1
7380,12,0,-1,-1
7381,59,0,-1,-1
7382,32,2,-1,-1
7383,42,0,-1,-1
7385,30,1,-1,-1
7386,-1,-1,6,2
7387,4,0,-1,-1
7388,-1,-1,2,2
7390,-1,-1,4,0
7391,-1,-1,2,2
7392,-1,-1,6,2
7393,30,0,4,0
7394,-1,-1,4,2
7395,22,0,-1,-1
7397,8,0,9,1
7399,42,0,-1,-1
7400,34,0,6,1
7401,26,0,-1,-1
7402,-1,-1,6,2
7403,8,0,-1,-1
7404,20,2,4,1
7405,12,1,-1,-1
7406,17,1,-1,-1
7407,-1,-1,6,2
7408,22,1,-1,-1
7409,52,0,9,1
7411,-1,-1,8,2
7412,-1,-1,4,2
7414,-1,-1,4,2
7415,20,2,2,1
7416,2,0,-1,-1
7417,48,2,4,1
7418,18,1,-1,-1
7419,-1,-1,4,2
7420,58,0,6,0
7421,18,0,-1,-1
7422,-1,-1,4,2
7423,-1,-1,4,0
7424,30,0,-1,-1
7425,-1,-1,4,2
7426,20,0,-1,-1
7427,-1,-1,4,2
7428,22,0,4,1
7429,26,0,-1,-1
7430,38,0,-1,-1
7431,-1,-1,4,0
7433,-1,-1,4,2
7434,2,0,-1,-1
7435,44,0,-1,-1
7436,42,2,-1,-1
7437,46,2,4,1
7438,36,0,-1,-1
7439,24,0,-1,-1
7440,-1,-1,2,0
7441,16,0,-1,-1
7442,18,0,-1,-1
7443,8,0,-1,-1
7444,12,0,-1,-1
7445,12,0,-1,-1
7446,20,2,-1,-1
7447,-1,-1,6,2
7448,34,1,2,0
7449,-1,-1,2,0
7450,4,0,-1,-1
7451,-1,-1,2,2
7453,24,0,-1,-1
7454,-1,-1,6,2
7455,-1,-1,12,2
7457,-1,-1,6,2
7458,-1,-1,8,2
7459,-1,-1,4,2
7460,20,1,-1,-1
7461,12,0,-1,-1
7462,14,0,-1,-1
7463,-1,-1,4,2
7464,-1,-1,2,0
7465,-1,-1,6,2
7466,-1,-1,2,2
7467,28,2,3,0
7468,46,0,6,0
7469,-1,-1,2,2
7470,64,0,-1,-1
7471,-1,-1,6,2
7472,4,0,-1,-1
7473,13,0,-1,-1
7474,-1,-1,6,0
7475,17,2,-1,-1
7476,76,0,6,1
7477,10,4,-1,-1
7478,-1,-1,2,2
7479,36,0,-1,-1
7480,30,0,-1,-1
7481,-1,-1,6,2
7482,102,2,-1,-1
7483,-1,-1,4,2
7690,54,1,-1,-1
7691,14,0,-1,-1
7692,30,0,-1,-1
7693,6,0,4,1
7695,-1,-1,2,0
7696,34,2,2,0
7697,4,0,2,0
7698,24,0,-1,-1
7699,-1,-1,4,2
7700,8,0,-1,-1
7701,68,0,-1,-1
7702,26,0,3,1
7703,40,1,6,1
7704,4,0,-1,-1
7705,10,0,2,0
7706,76,0,-1,-1
7708,32,1,4,1
7709,24,0,-1,-1
7710,1,1,-1,-1
7711,21,0,4,0
7712,30,2,6,2
7713,30,0,-1,-1
7714,-1,-1,2,2
7716,-1,-1,6,2
7717,54,0,-1,-1
7718,22,1,-1,-1
7719,2,2,-1,-1
7720,-1,-1,2,2
7721,42,2,-1,-1
7722,16,0,2,0
7723,18,0,3,1
7724,30,1,-1,-1
7725,16,1,-1,-1
7726,56,0,-1,-1
7727,-1,-1,4,2
7728,58,2,3,1
7729,40,2,3,1
7730,22,2,4,1
7732,50,0,2,0
7733,24,0,3,1
7734,-1,-1,2,2
7736,6,0,-1,-1
7738,18,0,4,0
7739,32,0,4,0
7740,8,0,3,0
7741,10,0,-1,-1
7742,8,0,2,1
7743,26,0,2,0
7744,36,0,-1,-1
7747,36,0,3,1
7748,34,2,10,0
7750,22,0,-1,-1
7751,12,0,2,1
7752,-1,-1,4,2
7753,26,0,6,1
7755,12,2,4,0
7756,2,0,4,0
7757,-1,-1,4,2
7759,22,0,2,2
7760,44,2,6,2
7761,14,1,5,1
7762,37,2,4,1
7763,54,1,-1,-1
7764,33,0,8,1
7765,52,1,3,1
7766,12,0,4,2
7767,14,0,2,0
7768,26,0,6,0
7770,-1,-1,4,2
7771,-1,-1,2,2
7772,-1,-1,2,2
7773,14,0,-1,-1
7774,30,0,-1,-1
7775,22,2,8,0
7776,18,0,-1,-1
7777,16,1,-1,-1
7778,22,1,3,1
7779,-1,-1,8,2
7780,28,12,-1,-1
7781,20,0,7,0
7782,16,0,-1,-1
7783,12,0,4,0
7784,56,1,-1,-1
7785,-1,-1,6,2
7786,28,2,4,1
7787,10,0,6,0
7788,22,0,4,0
7789,-1,-1,4,2
7790,20,2,3,1
7791,-1,-1,2,0
7792,14,0,4,0
7793,53,1,1,1
7794,46,0,-1,-1
7795,-1,-1,2,2
7796,12,0,3,1
7798,8,0,-1,-1
7799,-1,-1,2,2
7800,-1,-1,4,2
7801,50,0,-1,-1
7802,22,4,-1,-1
7803,14,0,2,0
19084,47,0,-1,-1
7804,22,0,-1,-1
7805,48,0,3,1
7806,26,4,-1,-1
7807,20,0,14,2
7808,94,2,7,1
7809,36,0,4,0
7810,28,0,4,1
7811,48,0,-1,-1
7812,16,0,4,0
19083,47,0,-1,-1
7813,44,1,4,1
7814,17,0,4,2
7815,-1,-1,2,2
7816,50,0,-1,-1
7817,12,0,-1,-1
7818,-1,-1,6,2
7820,8,0,3,1
7821,20,0,2,2
8130,-1,-1,13,1
8132,19,1,-1,-1
8133,-1,-1,4,0
8134,-1,-1,5,1
8136,27,0,-1,-1
8137,8,0,-1,-1
8138,12,0,2,0
8139,-1,-1,2,2
8140,-1,-1,9,1
8141,-1,-1,2,2
8142,-1,-1,4,0
8143,40,12,6,2
8144,14,0,4,0
8145,19,0,-1,-1
8146,96,0,-1,-1
8147,34,0,4,2
8148,-1,-1,2,2
8149,21,0,-1,-1
8150,-1,-1,4,2
8151,-1,-1,4,0
8152,38,0,-1,-1
8153,-1,-1,2,0
8154,-1,-1,4,1
8155,-1,-1,4,0
8156,-1,-1,4,2
8157,52,0,-1,-1
8158,-1,-1,4,2
8159,16,0,4,1
8160,28,3,-1,-1
8161,-1,-1,4,2
8162,12,1,-1,-1
8163,15,0,-1,-1
8164,-1,-1,6,0
8165,25,1,-1,-1
8166,22,2,-1,-1
8167,-1,-1,32,2
8169,56,2,-1,-1
8170,-1,-1,6,2
8171,48,0,-1,-1
8172,14,0,6,0
8173,54,0,-1,-1
8174,70,1,-1,-1
8175,-1,-1,4,2
8176,-1,-1,4,1
8177,24,0,4,0
8178,42,4,-1,-1
8179,50,0,-1,-1
8180,-1,-1,8,2
8182,-1,-1,7,1
8183,-1,-1,4,2
8184,18,0,-1,-1
8185,10,0,-1,-1
8186,52,1,4,0
8187,54,1,-1,-1
8188,-1,-1,2,2
8189,-1,-1,6,2
8190,76,2,-1,-1
8191,-1,-1,6,1
8192,-1,-1,2,2
8193,-1,-1,10,1
8194,52,1,-1,-1
8195,40,0,-1,-1
8196,22,0,-1,-1
8197,146,1,-1,-1
8198,28,0,-1,-1
8199,4,0,4,0
8200,-1,-1,8,2
8201,68,2,-1,-1
8202,48,1,-1,-1
8203,-1,-1,9,2
8204,22,1,-1,-1
8205,4,0,-1,-1
8207,4,0,1,0
8208,6,0,2,0
8209,-1,-1,4,2
8210,20,0,4,1
8212,-1,-1,2,0
8213,30,0,-1,-1
8214,76,1,-1,-1
8215,6,0,-1,-1
8217,-1,-1,25,0
8219,-1,-1,6,2
8220,-1,-1,4,2
8221,26,1,-1,-1
8222,6,0,2,1
8223,26,2,-1,-1
8224,-1,-1,2,2
8226,34,0,-1,-1
8227,-1,-1,6,2
8228,60,0,-1,-1
8229,-1,-1,2,2
8230,-1,-1,20,4
8231,-1,-1,8,2
8232,16,0,-1,-1
8233,12,0,-1,-1
8234,408,2,-1,-1
8235,18,0,2,0
8236,-1,-1,4,2
8237,16,0,-1,-1
8238,32,0,-1,-1
8239,-1,-1,2,2
8240,2,0,-1,-1
8241,-1,-1,10,2
8242,14,0,4,0
8243,-1,-1,6,2
8244,-1,-1,4,2
8245,18,0,-1,-1
8246,8,0,-1,-1
8247,24,1,-1,-1
8248,18,0,-1,-1
8249,-1,-1,10,2
8250,22,0,4,1
8251,44,0,-1,-1
8252,-1,-1,9,1
8253,16,0,-1,-1
8254,-1,-1,2,2
8255,-1,-1,6,2
8256,14,2,-1,-1
8257,18,0,2,1
8258,-1,-1,9,1
8259,-1,-1,6,2
8260,-1,-1,2,1
8261,-1,-1,12,2
8262,38,0,-1,-1
8263,38,0,2,1
8264,4,1,-1,-1
8266,18,2,-1,-1
8267,-1,-1,2,0
8268,58,0,-1,-1
8269,32,2,-1,-1
8270,-1,-1,2,2
8271,-1,-1,10,2
8272,54,1,-1,-1
8273,-1,-1,4,2
8274,22,1,-1,-1
8275,14,0,-1,-1
8276,19,0,3,0
8277,26,0,2,1
8278,-1,-1,6,1
8279,-1,-1,4,2
8280,26,2,-1,-1
8281,-1,-1,9,1
8282,-1,-1,6,2
8283,-1,-1,12,2
8284,-1,-1,2,2
8285,-1,-1,8,2
8286,13,0,-1,-1
8287,-1,-1,4,2
8289,-1,-1,6,1
8290,-1,-1,2,2
8291,18,1,-1,-1
8293,48,0,-1,-1
8294,4,0,-1,-1
8295,8,0,-1,-1
8296,62,0,-1,-1
8297,16,0,-1,-1
8298,-1,-1,6,0
8299,-1,-1,8,2
8300,86,2,-1,-1
8301,56,1,-1,-1
8302,12,0,-1,-1
8303,-1,-1,6,2
8304,-1,-1,4,2
8305,28,1,-1,-1
8306,0,0,-1,-1
8307,-1,-1,4,4
8308,16,0,2,0
8309,-1,-1,2,2
8310,8,0,4,0
8311,-1,-1,4,0
8312,40,4,-1,-1
8313,28,0,4,0
8314,16,1,-1,-1
8315,-1,-1,4,2
8396,-1,-1,8,2
8397,24,1,-1,-1
8398,-1,-1,10,2
8399,6,0,2,0
8400,-1,-1,2,2
8401,-1,-1,6,2
8402,14,0,-1,-1
8403,66,0,-1,-1
8404,-1,-1,8,2
8406,52,4,-1,-1
8407,15,2,-1,-1
8408,-1,-1,4,2
8409,114,0,-1,-1
8410,60,2,-1,-1
8411,-1,-1,6,2
8412,12,0,-1,-1
8413,-1,-1,4,2
8414,12,1,-1,-1
8415,22,0,-1,-1
8416,-1,-1,8,2
8417,34,0,-1,-1
8419,56,0,6,1
8421,18,0,2,1
8422,-1,-1,10,2
8423,25,1,-1,-1
8425,-1,-1,2,2
8426,26,0,4,0
8427,-1,-1,8,2
8428,32,0,-1,-1
8429,8,0,30,0
8430,-1,-1,6,2
8431,44,0,-1,-1
8432,79,1,-1,-1
8433,-1,-1,8,2
8434,50,1,8,2
8435,-1,-1,8,2
8436,22,1,-1,-1
8437,36,1,-1,-1
8438,-1,-1,8,2
8439,14,0,-1,-1
8440,36,0,-1,-1
8441,17,1,-1,-1
8711,23,1,-1,-1
8713,-1,-1,4,2
8714,20,0,2,1
8715,60,0,-1,-1
8717,26,1,-1,-1
8718,24,2,4,2
8719,56,0,5,1
8720,23,0,-1,-1
8721,34,0,-1,-1
8724,-1,-1,4,2
8725,66,0,-1,-1
8726,62,0,-1,-1
8727,-1,-1,4,2
8728,-1,-1,6,2
8729,44,2,-1,-1
8730,-1,-1,8,2
8731,26,0,-1,-1
8732,80,0,-1,-1
8733,6,0,-1,-1
8734,7,0,3,1
8735,24,0,-1,-1
8736,-1,-1,4,2
8737,22,0,8,0
8738,-1,-1,2,0
8739,-1,-1,4,2
8740,-1,-1,6,2
8741,-1,-1,6,2
8742,20,0,-1,-1
8743,-1,-1,6,0
8744,23,0,4,1
8745,-1,-1,6,2
8746,-1,-1,6,2
8747,38,2,-1,-1
8748,-1,-1,8,2
8749,-1,-1,2,2
8750,-1,-1,8,2
8751,24,2,4,1
8752,-1,-1,4,2
8753,2,0,-1,-1
8754,-1,-1,2,2
8755,-1,-1,4,2
8758,-1,-1,4,2
8759,32,2,-1,-1
8760,19,2,-1,-1
8761,62,0,6,2
8762,13,0,-1,-1
8763,38,0,10,1
8764,48,2,10,1
8765,-1,-1,2,2
8767,-1,-1,2,2
8768,66,2,2,1
8769,-1,-1,6,2
8771,82,6,-1,-1
8772,-1,-1,8,2
8773,16,8,-1,-1
8774,52,2,11,1
8775,22,1,-1,-1
8776,6,0,4,2
8777,82,2,-1,-1
8778,39,0,8,2
8779,114,2,-1,-1
8780,18,0,4,0
8781,18,4,-1,-1
8782,48,2,-1,-1
8783,-1,-1,10,2
8785,28,2,-1,-1
8786,-1,-1,4,2
8787,-1,-1,6,2
8789,-1,-1,4,4
8790,11,2,-1,-1
8791,44,0,-1,-1
8792,-1,-1,6,4
8793,-1,-1,6,2
8794,-1,-1,2,2
8795,30,0,-1,-1
8796,2,0,2,0
8797,56,1,-1,-1
8798,-1,-1,4,2
8799,-1,-1,4,2
8800,14,2,-1,-1
8801,-1,-1,6,2
8802,-1,-1,2,2
8803,64,14,-1,-1
8804,-1,-1,4,2
8805,-1,-1,4,0
8806,78,0,-1,-1
8807,-1,-1,4,2
8808,-1,-1,2,2
8809,-1,-1,2,2
8811,58,2,5,3
8815,32,1,-1,-1
8816,88,2,-1,-1
8817,-1,-1,2,2
8818,52,0,-1,-1
8819,46,2,-1,-1
8821,14,0,2,0
8822,8,0,2,1
8823,-1,-1,6,2
8824,42,2,-1,-1
8826,44,0,-1,-1
8827,26,1,-1,-1
8828,14,2,-1,-1
8829,48,1,-1,-1
8830,-1,-1,6,2
19088,41,1,-1,-1
8831,12,6,-1,-1
8832,36,0,-1,-1
8833,18,2,-1,-1
8834,50,0,-1,-1
8835,-1,-1,2,2
8836,-1,-1,6,2
8837,130,1,-1,-1
8838,28,0,-1,-1
8839,28,1,-1,-1
8840,79,10,-1,-1
8841,14,0,2,0
8842,20,2,-1,-1
8843,30,1,-1,-1
8844,10,0,-1,-1
8846,112,1,-1,-1
8847,-1,-1,6,0
8848,16,0,-1,-1
8849,78,6,-1,-1
8850,24,0,-1,-1
8851,38,0,8,4
8852,34,1,-1,-1
8853,-1,-1,6,2
8854,56,1,-1,-1
8855,34,1,-1,-1
8856,-1,-1,4,2
8857,2,6,-1,-1
8858,30,1,-1,-1
8859,64,0,4,1
8862,29,0,4,0
8863,12,0,-1,-1
8864,8,2,-1,-1
8866,6,0,2,0
8868,-1,-1,6,2
8869,-1,-1,4,2
8870,18,0,4,2
8871,58,1,-1,-1
8872,-1,-1,6,2
8873,16,0,1,1
8874,-1,-1,8,2
8875,42,0,-1,-1
8876,-1,-1,8,0
8877,24,0,8,0
8878,58,1,-1,-1
8879,24,0,-1,-1
8881,52,1,-1,-1
8884,22,0,-1,-1
8885,24,0,2,0
8886,76,10,-1,-1
8887,-1,-1,4,2
8888,28,0,2,2
8889,-1,-1,4,2
8891,28,0,-1,-1
8892,26,1,-1,-1
8893,54,0,-1,-1
8894,44,0,-1,-1
8895,32,0,-1,-1
8896,-1,-1,2,0
8897,20,1,-1,-1
8898,-1,-1,8,2
8900,-1,-1,2,0
8901,40,1,-1,-1
8902,-1,-1,8,2
8903,-1,-1,4,2
8904,-1,-1,4,2
9334,-1,-1,6,2
9335,8,0,2,0
9336,42,0,-1,-1
9338,14,0,-1,-1
9339,-1,-1,2,2
19046,-1,-1,6,1
9340,18,2,-1,-1
9341,-1,-1,8,2
9342,-1,-1,8,0
9343,-1,-1,4,2
9344,8,0,-1,-1
9345,30,1,-1,-1
9346,-1,-1,6,2
9347,22,0,-1,-1
9348,-1,-1,6,2
9349,30,2,-1,-1
19043,-1,-1,2,1
19040,-1,-1,33,2
9350,-1,-1,6,2
9351,-1,-1,4,0
9352,62,0,-1,-1
9353,-1,-1,5,1
9354,-1,-1,2,2
9355,22,0,4,1
9356,-1,-1,4,2
9357,24,0,-1,-1
9358,-1,-1,6,2
9359,-1,-1,4,2
9360,25,0,-1,-1
9361,54,0,-1,-1
9362,36,2,-1,-1
9363,-1,-1,4,0
9364,-1,-1,4,2
9365,-1,-1,10,2
9366,-1,-1,4,2
9368,9,1,-1,-1
9369,14,0,-1,-1
9370,-1,-1,6,2
9371,-1,-1,6,1
9372,-1,-1,4,2
9373,-1,-1,4,2
9374,222,26,-1,-1
9375,-1,-1,8,1
9376,18,1,-1,-1
9377,12,1,-1,-1
9378,-1,-1,24,2
19045,-1,-1,5,2
9379,11,0,-1,-1
9380,24,0,2,1
9381,26,0,-1,-1
9382,22,1,-1,-1
9383,40,0,-1,-1
9384,-1,-1,2,2
9385,14,0,-1,-1
9386,12,0,2,0
9387,6,0,-1,-1
9388,76,2,-1,-1
9389,-1,-1,2,1
9390,-1,-1,7,1
9391,-1,-1,10,2
9392,-1,-1,8,2
9393,22,2,6,1
9394,-1,-1,2,2
9395,-1,-1,4,2
9396,22,0,-1,-1
9397,-1,-1,13,3
9398,-1,-1,2,2
9399,12,0,4,0
9400,4,0,2,0
19087,17,0,-1,-1
9401,30,0,-1,-1
19086,7,0,-1,-1
9403,-1,-1,6,2
9404,-1,-1,2,0
9405,24,0,6,2
9406,32,0,-1,-1
19044,-1,-1,7,5
9407,90,2,-1,-1
9408,10,0,1,1
9409,36,2,-1,-1
9410,60,1,-1,-1
9411,80,1,-1,-1
9412,78,2,-1,-1
9413,22,0,3,1
9414,-1,-1,2,2
9415,22,0,2,2
9416,-1,-1,6,2
9417,84,1,-1,-1
9418,32,0,2,2
9419,68,0,-1,-1
9420,-1,-1,6,2
9421,38,0,-1,-1
9422,-1,-1,4,2
9423,-1,-1,6,2
9424,10,0,-1,-1
9425,-1,-1,4,2
9426,6,2,-1,-1
9427,-1,-1,4,2
9428,-1,-1,8,2
9429,24,2,-1,-1
9430,-1,-1,12,2
9431,20,1,-1,-1
9432,54,1,-1,-1
9433,-1,-1,4,2
9434,82,0,-1,-1
9435,14,6,-1,-1
9436,4,0,4,0
9437,44,0,-1,-1
9438,-1,-1,4,2
9439,36,34,-1,-1
19041,-1,-1,7,2
9440,42,1,-1,-1
9441,12,0,-1,-1
9442,-1,-1,4,2
9443,6,0,4,2
9444,-1,-1,2,2
9446,-1,-1,2,2
9447,120,0,-1,-1
9448,32,0,4,2
9449,-1,-1,10,2
9450,-1,-1,2,2
9451,15,0,-1,-1
9452,6,0,4,1
9453,32,6,4,1
9454,-1,-1,4,2
9455,-1,-1,6,0
9456,-1,-1,6,2
9457,3,0,-1,-1
9458,-1,-1,8,2
9459,10,0,4,2
9460,-1,-1,6,2
9461,62,0,-1,-1
9462,-1,-1,4,0
9463,-1,-1,4,2
9464,-1,-1,10,2
19042,-1,-1,8,1
9465,22,1,-1,-1
9466,-1,-1,12,2
9467,12,1,-1,-1
9468,8,0,2,0
9469,-1,-1,2,2
9470,32,-1,2,1
9471,8,0,2,2
9472,6,0,2,0
9473,-1,-1,8,2
9474,44,1,-1,-1
9475,28,0,-1,-1
9476,36,2,-1,-1
9477,-1,-1,10,2
19037,-1,-1,2,1
9478,-1,-1,10,2
9479,24,4,-1,-1
9480,15,0,-1,-1
9481,-1,-1,2,2
9482,70,0,-1,-1
9483,-1,-1,8,1
9484,36,1,-1,-1
9485,188,0,-1,-1
9486,50,0,-1,-1
9487,18,0,2,0
9488,34,0,-1,-1
9489,42,1,-1,-1
9490,42,4,-1,-1
9491,-1,-1,2,0
9492,10,0,2,0
9493,56,0,-1,-1
9494,8,0,6,0
9495,24,0,-1,-1
9496,152,4,24,1
9497,8,0,-1,-1
9498,-1,-1,7,2
9499,52,2,-1,-1
9500,-1,-1,6,2
9501,12,1,-1,-1
9502,-1,-1,4,0
9503,-1,-1,5,1
9504,46,0,-1,-1
9505,26,1,-1,-1
9506,38,4,-1,-1
9507,62,1,-1,-1
9508,96,2,-1,-1
9509,-1,-1,4,2
9511,72,0,-1,-1
9512,78,2,-1,-1
9513,-1,-1,6,0
9514,54,0,-1,-1
9699,20,1,6,1
9700,24,1,-1,-1
9701,18,0,2,0
9702,46,1,-1,-1
19061,-1,-1,3,1
19082,-1,-1,7,1
9703,14,1,-1,-1
9704,-1,-1,2,2
9705,32,1,-1,-1
19094,56,0,-1,-1
9706,-1,-1,4,0
9707,106,4,-1,-1
9708,-1,-1,4,0
9709,-1,-1,4,2
9710,-1,-1,6,2
9711,40,0,-1,-1
9712,27,8,-1,-1
9713,18,2,-1,-1
9714,42,0,5,3
9715,42,1,-1,-1
9716,42,4,2,0
9717,14,1,-1,-1
19066,-1,-1,5,1
9718,-1,-1,4,2
9720,-1,-1,8,2
9721,44,1,-1,-1
9722,15,0,2,0
9723,-1,-1,6,2
19093,42,0,-1,-1
19069,-1,-1,3,1
9724,-1,-1,4,2
9725,16,1,1,1
9726,8,1,-1,-1
19063,-1,-1,4,0
9727,14,0,2,0
9728,18,0,-1,-1
9729,52,2,-1,-1
9730,14,1,-1,-1
9731,16,1,-1,-1
9732,-1,-1,2,2
19068,-1,-1,3,1
9733,-1,-1,6,2
19059,-1,-1,2,1
9734,15,0,4,0
9735,-1,-1,10,4
9736,-1,-1,8,2
19062,-1,-1,2,1
9737,72,1,-1,-1
19065,-1,-1,4,0
9738,21,0,2,0
19076,-1,-1,7,2
19072,-1,-1,7,1
9739,-1,-1,2,2
9740,-1,-1,6,2
19081,-1,-1,5,1
9741,-1,-1,6,0
9742,38,1,-1,-1
9743,-1,-1,4,2
9744,8,0,4,1
9745,-1,-1,6,1
19078,-1,-1,5,1
19075,-1,-1,3,1
9746,38,2,4,2
19073,-1,-1,3,1
9747,40,0,-1,-1
19064,-1,-1,5,7
9748,-1,-1,6,2
19077,-1,-1,2,1
9749,46,0,2,2
9750,28,0,-1,-1
19070,-1,-1,6,1
19060,-1,-1,4,1
9751,24,0,4,0
9752,-1,-1,6,2
9753,-1,-1,8,2
9754,-1,-1,4,2
9755,8,0,4,0
9756,16,2,-1,-1
19071,-1,-1,3,1
9757,5,0,2,0
9758,-1,-1,4,2
9759,14,0,-1,-1
9760,24,4,-1,-1
9761,-1,-1,2,2
19080,-1,-1,3,1
9762,26,1,-1,-1
9763,56,2,-1,-1
9764,-1,-1,6,2
19074,-1,-1,5,1
9765,28,2,-1,-1
9766,16,2,-1,-1
9767,11,0,2,0
19092,178,5,-1,-1
9768,36,0,-1,-1
9769,-1,-1,6,4
19079,-1,-1,4,1
9770,64,2,-1,-1
19067,-1,-1,2,1
9771,32,1,-1,-1
9772,14,0,3,0
9773,-1,-1,4,2
9774,52,4,-1,-1
9775,-1,-1,6,2
9776,-1,-1,2,2
10234,-1,-1,4,0
10235,-1,-1,10,2
10236,19,0,4,1
10237,-1,-1,6,1
10238,-1,-1,4,2
10239,-1,-1,2,2
10240,200,2,-1,-1
10241,44,0,-1,-1
10242,14,0,-1,-1
10243,-1,-1,3,1
10244,54,2,-1,-1
10245,-1,-1,3,1
10246,-1,-1,2,2
10247,35,1,-1,-1
10248,-1,-1,5,2
10249,24,0,3,1
10250,-1,-1,2,0
10251,-1,-1,38,8
10252,-1,-1,8,4
10253,20,0,-1,-1
10254,4,0,-1,-1
10255,10,0,-1,-1
10256,-1,-1,6,4
10257,-1,-1,6,2
10258,18,2,-1,-1
10259,-1,-1,6,2
10260,4,0,-1,-1
10261,24,1,-1,-1
10262,12,0,1,0
10263,-1,-1,4,2
10264,20,0,-1,-1
10265,10,-1,28,6
10266,40,2,-1,-1
10267,-1,-1,2,2
10268,-1,-1,2,0
10269,10,0,2,1
10270,-1,-1,4,2
10271,-1,-1,4,2
10272,-1,-1,4,2
10273,16,1,-1,-1
10274,-1,-1,4,2
10275,-1,-1,4,2
10276,-1,-1,2,0
10277,56,0,-1,-1
10278,-1,-1,4,2
10279,38,0,-1,-1
10280,21,4,-1,-1
10281,-1,-1,2,2
10282,22,2,-1,-1
10283,14,0,-1,-1
10284,-1,-1,4,0
10285,30,0,-1,-1
10286,132,0,-1,-1
10287,-1,-1,4,2
10288,-1,-1,8,4
10289,-1,-1,2,2
10290,48,0,-1,-1
10291,-1,-1,8,2
10292,-1,-1,2,2
10293,-1,-1,6,2
10294,17,2,-1,-1
10295,14,2,-1,-1
19053,-1,-1,8,1
10296,-1,-1,4,2
10297,-1,-1,12,4
10298,-1,-1,6,2
10299,116,2,-1,-1
10300,2,0,-1,-1
10301,-1,-1,6,2
19050,-1,-1,8,2
10302,-1,-1,6,2
10303,24,1,-1,-1
10304,-1,-1,10,2
10305,-1,-1,3,5
10306,-1,-1,8,2
10307,26,1,4,2
10308,14,0,-1,-1
10309,-1,-1,2,0
10310,30,1,-1,-1
10311,16,1,-1,-1
10312,24,2,-1,-1
10313,1,0,-1,-1
10314,-1,-1,10,2
10315,-1,-1,6,0
10316,-1,-1,3,1
10317,8,1,-1,-1
10318,-1,-1,4,2
10319,-1,-1,4,2
10320,26,1,-1,-1
10321,26,1,-1,-1
10322,-1,-1,6,0
10323,-1,-1,5,1
10324,13,0,2,0
10325,30,1,-1,-1
10326,28,2,-1,-1
10327,-1,-1,8,2
10328,10,0,-1,-1
10329,34,1,-1,-1
10330,-1,-1,18,2
10331,58,1,-1,-1
19057,-1,-1,2,1
10332,12,0,-1,-1
10333,18,0,4,1
10334,-1,-1,3,1
10335,20,1,-1,-1
10336,26,1,-1,-1
10337,66,0,-1,-1
10338,-1,-1,6,2
10339,22,0,-1,-1
10340,-1,-1,4,2
10341,-1,-1,4,2
10342,30,2,-1,-1
10343,13,2,-1,-1
10344,-1,-1,2,0
19056,-1,-1,2,1
10345,22,2,-1,-1
10346,16,2,-1,-1
10347,-1,-1,7,1
10348,-1,-1,6,2
10349,68,0,-1,-1
10350,62,2,-1,-1
10351,2,0,-1,-1
10352,-1,-1,20,4
10353,-1,-1,4,0
10354,22,0,10,1
10355,36,0,3,1
10356,-1,-1,4,2
10357,120,5,-1,-1
10358,10,0,4,0
10359,16,4,-1,-1
10360,28,0,-1,-1
10361,56,0,-1,-1
10362,10,2,-1,-1
10363,-1,-1,4,1
10364,-1,-1,4,2
10365,20,1,-1,-1
10366,38,1,-1,-1
10367,-1,-1,4,2
10368,-1,-1,2,0
10369,14,0,-1,-1
10370,14,0,-1,-1
10371,-1,-1,6,2
10372,-1,-1,4,2
10373,50,6,-1,-1
10374,74,0,-1,-1
10375,16,2,-1,-1
10376,-1,-1,4,2
10377,-1,-1,6,2
10378,94,1,-1,-1
10379,26,4,-1,-1
19090,8,1,-1,-1
10380,24,0,6,2
10381,152,6,-1,-1
10382,26,1,4,1
10383,-1,-1,4,0
10384,32,2,5,1
10385,18,0,6,2
10386,10,1,-1,-1
10387,42,1,-1,-1
10388,25,0,2,0
10389,24,1,-1,-1
10390,-1,-1,8,2
10391,20,0,-1,-1
10392,38,1,8,1
10393,-1,-1,8,6
19091,26,1,-1,-1
10394,-1,-1,2,2
10395,-1,-1,4,0
10396,-1,-1,12,2
10397,-1,-1,4,2
10398,6,0,-1,-1
10399,-1,-1,2,0
10400,-1,-1,8,2
10401,-1,-1,4,2
10402,-1,-1,6,2
10403,34,0,-1,-1
10404,-1,-1,6,2
10405,130,4,-1,-1
10406,44,1,-1,-1
10407,-1,-1,2,2
10408,30,0,-1,-1
10409,-1,-1,4,2
10410,-1,-1,6,1
10411,18,1,-1,-1
10412,-1,-1,6,2
10413,-1,-1,3,1
10414,-1,-1,8,2
10415,-1,-1,14,2
10416,16,2,-1,-1
10417,14,0,2,0
10418,-1,-1,12,2
10419,22,0,3,1
19049,-1,-1,5,2
10420,-1,-1,6,0
10421,10,0,2,0
10422,16,6,-1,-1
10423,32,0,-1,-1
10424,-1,-1,6,2
10425,-1,-1,2,1
10426,-1,-1,6,2
10427,-1,-1,8,0
10428,10,1,-1,-1
10429,-1,-1,4,2
10430,26,0,-1,-1
10431,-1,-1,4,2
19055,-1,-1,5,4
10432,14,0,-1,-1
10433,-1,-1,4,2
10434,14,0,2,2
10435,6,0,-1,-1
10436,12,0,-1,-1
10437,-1,-1,6,2
19054,-1,-1,6,3
10438,-1,-1,2,2
10439,-1,-1,2,1
10440,-1,-1,2,2
10441,4,0,-1,-1
10442,56,0,-1,-1
10443,56,2,-1,-1
10444,-1,-1,4,2
10445,-1,-1,4,2
10446,2,0,-1,-1
10447,24,4,-1,-1
10448,-1,-1,6,0
10449,-1,-1,8,1
10450,20,1,3,1
10451,44,2,-1,-1
10452,44,2,-1,-1
10453,-1,-1,4,0
10454,70,2,-1,-1
10455,24,0,4,1
10456,2,0,-1,-1
10457,-1,-1,4,2
10458,-1,-1,6,0
10459,-1,-1,4,2
10460,28,1,-1,-1
10461,56,0,-1,-1
10462,42,2,-1,-1
10463,-1,-1,2,0
10464,259,10,-1,-1
10465,-1,-1,9,1
10466,78,4,-1,-1
10467,-1,-1,4,1
10468,48,1,8,2
10469,-1,-1,6,0
10470,-1,-1,4,2
10471,12,0,2,0
10472,-1,-1,4,2
10473,5,0,2,2
10474,-1,-1,2,2
10475,-1,-1,4,2
19058,-1,-1,9,2
10476,78,1,-1,-1
10691,18,1,1,1
10692,-1,-1,10,0
10693,22,1,2,2
10694,22,0,5,1
10695,10,0,4,1
10696,14,2,6,1
10697,-1,-1,6,2
10698,12,0,2,1
10699,-1,-1,8,2
10700,90,4,-1,-1
10701,18,2,1,1
10702,-1,-1,2,2
10703,40,1,6,2
10704,16,0,2,0
10705,22,0,1,1
10706,18,0,4,1
10707,28,1,5,1
10708,12,0,4,0
10709,14,0,2,1
10710,-1,-1,4,2
10711,38,0,3,0
10712,44,2,-1,-1
10713,37,1,-1,-1
10714,14,2,8,1
10715,8,0,-1,-1
10716,36,0,4,1
10717,-1,-1,6,2
10718,20,1,-1,-1
10719,19,9,-1,-1
10720,-1,-1,6,2
10721,-1,-1,6,2
10722,50,0,4,2
10723,-1,-1,2,1
10724,60,2,-1,-1
10725,36,1,-1,-1
10726,-1,-1,2,2
10727,52,8,-1,-1
10728,30,1,-1,-1
10729,-1,-1,6,0
10730,18,1,2,2
10731,52,2,-1,-1
10732,30,1,4,1
10733,-1,-1,10,2
10734,50,0,8,2
10735,-1,-1,2,0
10736,30,1,-1,-1
10737,-1,-1,4,2
10738,2,8,-1,-1
10739,72,0,4,1
10740,42,4,-1,-1
10741,58,4,-1,-1
10742,40,0,-1,-1
10743,18,2,2,1
10744,24,0,3,1
10745,48,2,8,2
10746,58,1,-1,-1
10747,22,1,-1,-1
10748,-1,-1,8,2
10749,32,1,6,2
10750,40,2,4,2
10751,-1,-1,6,0
10752,16,0,2,0
10753,42,2,2,2
10754,34,0,4,1
10755,14,0,6,0
10756,14,0,4,1
10757,-1,-1,6,2
10758,44,1,5,1
10759,22,9,-1,-1
10760,18,2,1,1
10761,16,0,2,0
10762,10,0,2,0
10763,-1,-1,2,2
10764,34,0,2,1
10765,18,0,-1,-1
10766,24,0,-1,-1
10767,-1,-1,4,2
10768,18,2,4,1
10769,20,0,6,1
10770,42,2,1,1
10771,18,4,-1,-1
10772,15,0,5,1
10773,22,0,6,1
10774,20,0,3,1
10775,12,0,4,1
10776,14,0,2,0
19089,65,3,-1,-1
10777,36,0,2,1
10778,-1,-1,6,2
10779,16,0,-1,-1
10780,-1,-1,4,2
10781,28,1,4,2
10782,16,1,2,1
10783,24,0,2,1
10784,-1,-1,6,2
10785,30,1,5,2
10786,28,0,4,0
10787,-1,-1,8,2
10788,-1,-1,2,2
10790,14,0,2,1
10791,44,1,-1,-1
10792,36,0,6,2
11026,-1,-1,6,2
11027,46,0,4,2
11028,-1,-1,6,2
11029,22,2,-1,-1
11030,-1,-1,8,2
11031,38,1,-1,-1
11032,44,2,-1,-1
11033,1,0,2,2
11034,-1,-1,4,2
11035,-1,-1,6,2
11036,44,0,-1,-1
11037,22,0,-1,-1
11039,6,0,-1,-1
11040,18,0,-1,-1
11041,-1,-1,4,2
11042,-1,-1,8,2
11043,14,0,1,1
11044,4,0,2,0
11045,40,0,2,0
11046,6,0,3,1
11047,4,0,2,1
11048,31,2,2,1
11049,8,1,4,0
11050,-1,-1,8,2
19038,-1,-1,4,1
11052,48,2,-1,-1
11054,8,1,2,1
11055,2,0,2,0
11056,-1,-1,8,2
11057,-1,-1,8,2
11058,11,6,-1,-1
11059,-1,-1,4,2
11060,34,1,-1,-1
11061,-1,-1,4,2
11062,62,2,-1,-1
11063,-1,-1,2,2
11064,12,2,3,1
11065,48,0,4,1
11066,4,0,8,0
11067,-1,-1,4,2
11068,-1,-1,4,2
11069,-1,-1,6,2
11070,22,0,-1,-1
11071,16,1,-1,-1
11072,40,2,-1,-1
11073,24,0,-1,-1
11074,40,2,-1,-1
11075,-1,-1,12,2
11076,34,0,-1,-1
11077,-1,-1,4,2
11078,62,1,2,1
11080,-1,-1,2,0
11081,-1,-1,6,2
11082,20,2,-1,-1
11083,28,6,-1,-1
11084,-1,-1,2,2
11085,14,1,-1,-1
11086,-1,-1,4,2
11087,6,6,-1,-1
11088,-1,-1,4,2
11089,-1,-1,8,2
11090,62,1,-1,-1
11091,56,4,3,1
11092,-1,-1,12,1
11093,-1,-1,8,0
11094,66,10,-1,-1
11095,10,1,-1,-1
11096,34,0,-1,-1
11097,32,0,6,2
11098,52,0,-1,-1
11099,34,2,-1,-1
11100,50,1,-1,-1
11101,38,0,-1,-1
11102,44,4,-1,-1
11103,18,4,2,1
11104,71,0,-1,-1
11105,-1,-1,6,2
11106,-1,-1,12,2
11107,-1,-1,6,4
11108,-1,-1,6,2
11109,-1,-1,12,2
11110,-1,-1,6,2
11111,-1,-1,4,2
11112,8,0,3,0
11113,24,2,4,0
11115,-1,-1,6,2
11116,34,2,-1,-1
11117,40,1,-1,-1
11118,-1,-1,6,2
11119,6,0,-1,-1
11120,-1,-1,2,0
11121,-1,-1,2,2
11122,34,2,2,1
11123,40,6,-1,-1
11124,72,2,-1,-1
11125,12,0,6,1
11126,42,1,3,1
11127,22,2,-1,-1
11129,-1,-1,4,2
11130,18,0,1,1
11131,2,0,4,0
11132,-1,-1,10,2
11133,26,1,-1,-1
11134,-1,-1,8,2
11135,-1,-1,8,2
11136,48,0,-1,-1
11137,26,0,6,1
11138,36,0,6,1
11139,-1,-1,6,2
11140,-1,-1,6,2
11141,-1,-1,10,2
11142,-1,-1,4,2
11143,-1,-1,6,2
11144,38,4,2,2
11145,52,2,-1,-1
11146,52,1,-1,-1
11147,22,0,-1,-1
11148,36,2,-1,-1
11149,20,0,4,1
11150,70,0,-1,-1
11151,-1,-1,4,2
11152,28,4,-1,-1
19039,-1,-1,5,1
11153,-1,-1,6,0
11154,44,4,-1,-1
11155,-1,-1,8,2
11156,-1,-1,2,2
11157,12,0,2,1
11158,-1,-1,15,1
11160,-1,-1,8,2
11161,30,2,2,1
11162,-1,-1,4,2
11163,26,1,-1,-1
11164,30,0,-1,-1
11165,-1,-1,4,2
11166,-1,-1,10,2
11167,40,1,-1,-1
11168,22,2,-1,-1
11169,39,1,-1,-1
11170,11,0,-1,-1
11171,62,0,2,1
11190,20,0,4,2
11191,10,0,4,1
11192,42,0,1,1
11193,16,1,3,1
11194,18,1,2,1
11195,32,0,3,1
11196,20,0,4,1
11197,48,0,2,1
11198,10,2,3,1
11238,11,0,2,0
11239,12,2,2,0
11240,14,2,2,1
11241,4,0,2,1
11242,22,0,-1,-1
11243,28,1,2,1
11244,20,1,-1,-1
11245,10,1,-1,-1
11246,8,0,2,0
11247,-1,-1,2,2
11248,82,0,-1,-1
11249,32,0,6,1
11250,18,0,3,1
11251,18,1,2,1
11252,-1,-1,0,0
19051,-1,-1,4,1
11253,14,0,1,1
19048,-1,-1,3,1
11254,14,0,2,1
11255,32,2,3,1
11256,14,0,4,1
11257,5,0,2,0
11258,24,0,4,0
11259,8,2,2,0
11260,8,0,2,0
11261,10,0,2,0
11262,4,0,1,1
19052,-1,-1,2,1
11263,8,0,2,1
11264,26,0,4,1
11265,-1,-1,6,2
11266,42,0,-1,-1
11267,16,2,-1,-1
11268,12,0,1,1
11269,-1,-1,2,0
11270,-1,-1,4,2
11271,28,0,-1,-1
15946,42,10,-1,-1
16013,30,0,5,1
15984,112,14,26,3
15916,89,78,18,1
16406,54,11,8,4
15947,4,0,7,3
16011,-1,-1,9,4
15989,98,0,8,6
15868,160,30,5,7
15228,30,11,6,6
15866,133,120,20,2
15933,40,15,10,8
15229,30,46,8,1
15923,5,0,1,1
15966,62,40,-1,-1
16012,6,4,4,3
15977,22,6,8,3
15976,150,42,-1,-1
15894,90,58,24,12
